ticker,earnings_datetime,eps_estimate,reported_eps,surprisepct
AAPL,2026-11-02 15:00:00-05:00,1.98,,
AAPL,2026-07-30 16:00:00-04:00,1.89,2.02,6.74
AAPL,2026-04-30 16:00:00-04:00,1.94,2.01,3.46
AAPL,2026-01-29 16:00:00-05:00,2.67,2.84,6.25
AAPL,2025-10-30 16:00:00-04:00,1.77,1.85,4.52
AAPL,2025-07-31 16:00:00-04:00,1.43,1.57,9.48
AAPL,2025-05-01 16:00:00-04:00,1.62,1.65,1.69
AAPL,2025-01-30 16:00:00-05:00,2.35,2.4,2.26
AAPL,2024-10-31 16:00:00-04:00,0.95,0.97,2.48
AAPL,2024-08-01 16:00:00-04:00,1.34,1.4,4.36
AAPL,2024-05-02 16:00:00-04:00,1.51,1.53,1.46
AAPL,2024-02-01 16:00:00-05:00,2.1,2.18,3.66
AAPL,2023-11-02 16:00:00-04:00,1.39,1.46,4.82
AAPL,2023-08-03 16:00:00-04:00,1.19,1.26,5.66
AAPL,2023-05-04 16:00:00-04:00,1.43,1.52,6.28
AAPL,2023-02-02 16:00:00-05:00,1.95,1.88,-3.78
AAPL,2022-10-27 16:00:00-04:00,1.27,1.29,1.44
AAPL,2022-07-28 16:00:00-04:00,1.15,1.2,3.93
AAPL,2022-04-28 16:00:00-04:00,1.43,1.52,6.48
AAPL,2022-01-27 16:00:00-05:00,1.89,2.1,11.2
AAPL,2021-10-28 16:00:00-04:00,1.24,1.24,0.17
AAPL,2021-07-27 16:00:00-04:00,1.01,1.3,28.18
AAPL,2021-04-28 16:00:00-04:00,0.98,1.4,42.16
AAPL,2021-01-27 16:00:00-05:00,1.42,1.68,18.67
AAPL,2020-10-29 16:00:00-04:00,0.7,0.73,4.48
MSFT,2026-10-28 16:00:00-04:00,4.72,,
MSFT,2026-07-29 16:00:00-04:00,4.24,4.74,11.81
MSFT,2026-04-29 16:00:00-04:00,4.07,4.27,4.9
MSFT,2026-01-28 16:00:00-05:00,3.92,4.14,5.69
MSFT,2025-10-29 16:00:00-04:00,3.66,4.13,12.73
MSFT,2025-07-30 16:00:00-04:00,3.38,3.65,8.09
MSFT,2025-04-30 16:00:00-04:00,3.22,3.46,7.4
MSFT,2025-01-29 16:00:00-05:00,3.12,3.23,3.47
MSFT,2024-10-30 16:00:00-04:00,3.11,3.3,6.13
MSFT,2024-07-30 16:00:00-04:00,2.94,2.95,0.23
MSFT,2024-04-25 16:00:00-04:00,2.84,2.94,3.4
MSFT,2024-01-30 16:00:00-05:00,2.77,2.93,5.83
MSFT,2023-10-24 16:00:00-04:00,2.65,2.99,12.85
MSFT,2023-07-25 16:00:00-04:00,2.55,2.69,5.59
MSFT,2023-04-25 16:00:00-04:00,2.23,2.45,9.77
MSFT,2023-01-24 16:00:00-05:00,2.32,2.32,0.21
MSFT,2022-10-25 16:00:00-04:00,2.31,2.35,1.92
MSFT,2022-07-26 16:00:00-04:00,2.29,2.23,-2.69
MSFT,2022-04-26 16:00:00-04:00,2.2,2.22,1.06
MSFT,2022-01-25 16:00:00-05:00,2.32,2.48,6.97
MSFT,2021-10-26 16:00:00-04:00,2.08,2.27,9.3
MSFT,2021-07-27 16:00:00-04:00,1.93,2.17,12.71
MSFT,2021-04-27 16:00:00-04:00,1.78,1.95,9.67
MSFT,2021-01-26 16:00:00-05:00,1.64,2.03,23.99
MSFT,2020-10-27 16:00:00-04:00,1.55,1.82,17.72
NVDA,2026-11-17 15:00:00-05:00,2.47,,
NVDA,2026-08-26 16:00:00-04:00,2.09,2.22,6.16
NVDA,2026-05-20 16:00:00-04:00,1.77,1.87,5.54
NVDA,2026-02-25 16:00:00-05:00,1.54,1.62,5.32
NVDA,2025-11-19 16:00:00-05:00,1.26,1.3,3.46
NVDA,2025-08-27 16:00:00-04:00,1.01,1.05,4.1
NVDA,2025-05-28 16:00:00-04:00,0.75,0.81,8.02
NVDA,2025-02-26 16:00:00-05:00,0.85,0.89,5.25
NVDA,2024-11-20 16:00:00-05:00,0.75,0.81,8.52
NVDA,2024-08-28 16:00:00-04:00,0.64,0.68,5.66
NVDA,2024-05-22 16:00:00-04:00,0.56,0.61,9.74
NVDA,2024-02-21 16:00:00-05:00,0.46,0.52,11.4
NVDA,2023-11-21 16:00:00-05:00,0.34,0.4,18.73
NVDA,2023-08-23 16:00:00-04:00,0.21,0.27,29.35
NVDA,2023-05-24 16:00:00-04:00,0.09,0.11,18.8
NVDA,2023-02-22 16:00:00-05:00,0.08,0.09,9.45
NVDA,2022-11-16 16:00:00-05:00,0.07,0.06,-17.32
NVDA,2022-08-24 16:00:00-04:00,0.05,0.05,-1.49
NVDA,2022-05-25 16:00:00-04:00,0.13,0.14,4.86
NVDA,2022-02-16 16:00:00-05:00,0.12,0.13,7.97
NVDA,2021-11-17 16:00:00-05:00,0.11,0.12,5.81
NVDA,2021-08-18 16:00:00-04:00,0.1,0.1,2.26
NVDA,2021-05-26 16:00:00-04:00,0.08,0.09,11.44
NVDA,2021-02-24 16:00:00-05:00,0.07,0.08,10.37
NVDA,2020-11-18 16:00:00-05:00,0.06,0.07,14.21
AVGO,2026-12-09 15:00:00-05:00,3.83,,
AVGO,2026-09-02 16:00:00-04:00,3.24,,
AVGO,2026-06-03 16:00:00-04:00,2.4,2.44,1.74
AVGO,2026-03-04 16:00:00-05:00,2.02,2.05,1.32
AVGO,2025-12-11 16:00:00-05:00,1.87,1.95,4.38
AVGO,2025-09-04 16:00:00-04:00,1.66,1.69,1.6
AVGO,2025-06-05 16:00:00-04:00,1.57,1.58,0.59
AVGO,2025-03-06 16:00:00-05:00,1.51,1.6,6.11
AVGO,2024-12-12 16:00:00-05:00,1.39,1.42,2.04
AVGO,2024-09-05 16:00:00-04:00,1.21,1.24,2.79
AVGO,2024-06-12 16:00:00-04:00,1.08,1.1,1.08
AVGO,2024-03-07 16:00:00-05:00,1.04,1.1,5.44
AVGO,2023-12-07 16:00:00-05:00,1.1,1.11,0.94
AVGO,2023-08-31 16:00:00-04:00,1.04,1.05,1.03
AVGO,2023-06-01 16:00:00-04:00,1.01,1.03,1.75
AVGO,2023-03-02 16:00:00-05:00,1.02,1.03,1.65
AVGO,2022-12-08 16:00:00-05:00,1.03,1.05,1.64
AVGO,2022-09-01 16:00:00-04:00,0.95,0.97,1.92
AVGO,2022-05-26 07:00:00-04:00,0.87,0.91,4.05
AVGO,2022-03-03 16:00:00-05:00,0.81,0.84,3.01
AVGO,2021-12-09 16:00:00-05:00,0.78,0.78,0.51
AVGO,2021-09-02 16:00:00-04:00,0.69,0.7,0.72
AVGO,2021-06-03 16:00:00-04:00,0.65,0.66,2.47
AVGO,2021-03-04 16:00:00-05:00,0.66,0.66,0.58
AVGO,2020-12-10 16:00:00-05:00,0.62,0.64,2.42
ORCL,2026-12-10 15:00:00-05:00,1.89,,
ORCL,2026-09-10 16:00:00-04:00,1.74,1.92,10.45
ORCL,2026-06-10 16:00:00-04:00,1.96,2.11,7.52
ORCL,2026-03-10 16:00:00-04:00,1.69,1.79,5.69
ORCL,2025-12-10 16:00:00-05:00,1.64,2.26,38.04
ORCL,2025-09-09 16:00:00-04:00,1.48,1.47,-0.62
ORCL,2025-06-11 16:00:00-04:00,1.64,1.7,3.37
ORCL,2025-03-10 16:00:00-04:00,1.49,1.47,-1.35
ORCL,2024-12-09 16:00:00-05:00,1.48,1.47,-0.77
ORCL,2024-09-09 16:00:00-04:00,1.33,1.39,4.29
ORCL,2024-06-11 16:00:00-04:00,1.65,1.63,-1.14
ORCL,2024-03-11 16:00:00-04:00,1.38,1.41,2.47
ORCL,2023-12-11 16:00:00-05:00,1.33,1.34,0.95
ORCL,2023-09-11 16:00:00-04:00,1.15,1.19,3.46
ORCL,2023-06-12 16:00:00-04:00,1.58,1.67,5.56
ORCL,2023-03-09 16:00:00-05:00,1.2,1.22,1.44
ORCL,2022-12-12 16:00:00-05:00,1.17,1.21,3.15
ORCL,2022-09-12 16:00:00-04:00,1.08,1.03,-4.22
ORCL,2022-06-13 16:00:00-04:00,1.38,1.54,11.95
ORCL,2022-03-10 16:00:00-05:00,1.18,1.13,-4.02
ORCL,2021-12-09 16:00:00-05:00,1.11,1.21,8.53
ORCL,2021-09-13 16:00:00-04:00,0.97,1.03,6.4
ORCL,2021-06-15 16:00:00-04:00,1.33,1.54,15.62
ORCL,2021-03-10 16:00:00-05:00,1.11,1.16,4.54
ORCL,2020-12-10 16:00:00-05:00,1.0,1.06,6.13
CRM,2026-12-02 15:00:00-05:00,3.45,,
CRM,2026-08-26 16:00:00-04:00,3.27,5.9,80.36
CRM,2026-05-27 16:00:00-04:00,3.13,3.88,24.07
CRM,2026-02-25 16:00:00-05:00,3.05,3.81,24.85
CRM,2025-12-03 16:00:00-05:00,2.86,3.25,13.57
CRM,2025-09-03 16:00:00-04:00,2.78,2.91,4.7
CRM,2025-05-28 16:00:00-04:00,2.55,2.58,1.31
CRM,2025-02-26 16:00:00-05:00,2.61,2.78,6.43
CRM,2024-12-03 16:00:00-05:00,2.45,2.41,-1.47
CRM,2024-08-28 16:00:00-04:00,2.36,2.56,8.63
CRM,2024-05-29 16:00:00-04:00,2.37,2.44,2.75
CRM,2024-02-28 16:00:00-05:00,2.27,2.29,0.96
CRM,2023-11-29 16:00:00-05:00,2.06,2.11,2.52
CRM,2023-08-30 16:00:00-04:00,1.9,2.12,11.45
CRM,2023-05-31 16:00:00-04:00,1.61,1.69,4.84
CRM,2023-03-01 16:00:00-05:00,1.36,1.68,23.43
CRM,2022-11-30 16:00:00-05:00,1.22,1.4,14.55
CRM,2022-08-24 16:00:00-04:00,1.03,1.19,15.75
CRM,2022-05-31 16:00:00-04:00,0.94,0.98,3.73
CRM,2022-03-01 16:00:00-05:00,0.75,0.84,11.85
CRM,2021-11-30 16:00:00-05:00,0.92,1.27,37.89
CRM,2021-08-25 16:00:00-04:00,0.93,1.48,59.49
CRM,2021-05-27 16:00:00-04:00,0.88,1.21,36.96
CRM,2021-02-25 16:00:00-05:00,0.75,1.04,38.5
CRM,2020-12-01 16:00:00-05:00,0.75,1.74,132.27
AMD,2026-11-03 15:00:00-05:00,1.93,,
AMD,2026-08-04 16:00:00-04:00,1.61,1.66,3.21
AMD,2026-05-05 16:00:00-04:00,1.29,1.37,5.82
AMD,2026-02-03 16:00:00-05:00,1.32,1.53,15.98
AMD,2025-11-04 16:00:00-05:00,1.17,1.2,2.48
AMD,2025-08-05 16:00:00-04:00,0.48,0.48,-0.55
AMD,2025-05-06 16:00:00-04:00,0.93,0.96,2.83
AMD,2025-02-04 16:00:00-05:00,1.09,1.09,0.36
AMD,2024-10-29 16:00:00-04:00,0.92,0.92,0.46
AMD,2024-07-30 16:00:00-04:00,0.68,0.69,1.26
AMD,2024-04-30 16:00:00-04:00,0.61,0.62,2.04
AMD,2024-01-30 16:00:00-05:00,0.77,0.77,-0.01
AMD,2023-10-31 16:00:00-04:00,0.68,0.7,3.59
AMD,2023-08-01 16:00:00-04:00,0.57,0.58,1.05
AMD,2023-05-02 16:00:00-04:00,0.56,0.6,6.5
AMD,2023-01-31 16:00:00-05:00,0.67,0.69,2.51
AMD,2022-11-01 16:00:00-04:00,0.7,0.67,-4.83
AMD,2022-08-02 16:00:00-04:00,1.04,1.05,1.37
AMD,2022-05-03 16:00:00-04:00,0.92,1.13,22.23
AMD,2022-02-01 16:00:00-05:00,0.76,0.92,21.38
AMD,2021-10-26 16:00:00-04:00,0.66,0.73,10.04
AMD,2021-07-27 16:00:00-04:00,0.54,0.63,16.95
AMD,2021-04-27 16:00:00-04:00,0.44,0.52,18.31
AMD,2021-01-26 16:00:00-05:00,0.48,0.52,9.46
AMD,2020-10-27 06:00:00-04:00,0.36,0.41,15.49
ADBE,2026-12-09 15:00:00-05:00,6.33,,
ADBE,2026-09-10 16:00:00-04:00,6.09,6.13,0.71
ADBE,2026-06-11 16:00:00-04:00,5.81,5.96,2.5
ADBE,2026-03-12 16:00:00-04:00,5.87,6.06,3.18
ADBE,2025-12-10 16:00:00-05:00,5.4,5.5,1.9
ADBE,2025-09-11 16:00:00-04:00,5.18,5.31,2.48
ADBE,2025-06-12 16:00:00-04:00,4.97,5.06,1.71
ADBE,2025-03-12 16:00:00-04:00,4.97,5.08,2.17
ADBE,2024-12-11 16:00:00-05:00,4.67,4.81,3.01
ADBE,2024-09-12 16:00:00-04:00,4.54,4.65,2.49
ADBE,2024-06-13 16:00:00-04:00,4.4,4.48,1.92
ADBE,2024-03-14 16:00:00-04:00,4.38,4.48,2.23
ADBE,2023-12-13 16:00:00-05:00,4.14,4.27,3.17
ADBE,2023-09-14 16:00:00-04:00,3.98,4.1,3.06
ADBE,2023-06-15 16:00:00-04:00,3.79,3.91,3.22
ADBE,2023-03-15 16:00:00-04:00,3.68,3.8,3.25
ADBE,2022-12-15 16:00:00-05:00,3.5,3.6,2.72
ADBE,2022-09-15 08:00:00-04:00,3.34,3.4,1.66
ADBE,2022-06-16 16:00:00-04:00,3.31,3.35,1.31
ADBE,2022-03-22 16:00:00-04:00,3.34,3.37,0.78
ADBE,2021-12-16 08:00:00-05:00,3.2,3.2,0.04
ADBE,2021-09-21 16:00:00-04:00,3.02,3.11,3.11
ADBE,2021-06-17 16:00:00-04:00,2.82,3.03,7.55
ADBE,2021-03-23 16:00:00-04:00,2.79,3.14,12.68
ADBE,2020-12-10 08:00:00-05:00,2.66,2.81,5.66
CSCO,2026-11-12 15:00:00-05:00,1.32,,
CSCO,2026-08-12 16:00:00-04:00,1.17,1.22,4.38
CSCO,2026-05-13 16:00:00-04:00,1.04,1.06,2.29
CSCO,2026-02-11 16:00:00-05:00,1.02,1.04,1.75
CSCO,2025-11-12 16:00:00-05:00,0.98,1.0,1.82
CSCO,2025-08-13 16:00:00-04:00,0.98,0.99,1.3
CSCO,2025-05-14 16:00:00-04:00,0.92,0.96,4.64
CSCO,2025-02-12 16:00:00-05:00,0.91,0.94,3.41
CSCO,2024-11-13 16:00:00-05:00,0.87,0.91,4.47
CSCO,2024-08-14 16:00:00-04:00,0.85,0.87,2.49
CSCO,2024-05-15 16:00:00-04:00,0.82,0.88,7.71
CSCO,2024-02-14 16:00:00-05:00,0.84,0.87,3.96
CSCO,2023-11-15 16:00:00-05:00,1.03,1.11,7.71
CSCO,2023-08-16 16:00:00-04:00,1.06,1.14,7.68
CSCO,2023-05-17 16:00:00-04:00,0.97,1.0,3.25
CSCO,2023-02-15 16:00:00-05:00,0.86,0.88,2.84
CSCO,2022-11-16 16:00:00-05:00,0.84,0.86,2.85
CSCO,2022-08-17 16:00:00-04:00,0.82,0.83,1.07
CSCO,2022-05-18 16:00:00-04:00,0.86,0.87,0.93
CSCO,2022-02-16 16:00:00-05:00,0.81,0.84,3.78
CSCO,2021-11-17 16:00:00-05:00,0.8,0.82,1.92
CSCO,2021-08-18 16:00:00-04:00,0.83,0.84,1.46
CSCO,2021-05-19 16:00:00-04:00,0.82,0.83,1.11
CSCO,2021-02-09 16:00:00-05:00,0.76,0.79,4.61
CSCO,2020-11-12 16:00:00-05:00,0.7,0.76,8.04
INTU,2026-11-19 15:00:00-05:00,2.64,,
INTU,2026-08-25 16:00:00-04:00,3.59,4.03,12.34
INTU,2026-05-20 16:00:00-04:00,12.57,12.8,1.84
INTU,2026-02-26 16:00:00-05:00,3.68,4.15,12.69
INTU,2025-11-20 16:00:00-05:00,3.09,3.34,7.99
INTU,2025-08-21 16:00:00-04:00,2.66,2.75,3.4
INTU,2025-05-22 16:00:00-04:00,10.91,11.65,6.77
INTU,2025-02-25 16:00:00-05:00,2.58,3.32,28.93
INTU,2024-11-21 16:00:00-05:00,2.36,2.5,6.02
INTU,2024-08-22 16:00:00-04:00,1.85,1.99,7.41
INTU,2024-05-23 16:00:00-04:00,9.38,9.88,5.29
INTU,2024-02-22 16:00:00-05:00,2.31,2.63,13.95
INTU,2023-11-28 16:00:00-05:00,1.98,2.47,24.83
INTU,2023-08-23 21:00:00-04:00,1.44,1.65,14.91
INTU,2023-05-23 16:00:00-04:00,8.5,8.92,5.0
INTU,2023-02-23 16:00:00-05:00,1.44,2.2,52.64
INTU,2022-11-29 16:00:00-05:00,1.2,1.66,38.61
INTU,2022-08-23 16:00:00-04:00,0.98,1.1,12.4
INTU,2022-05-24 16:00:00-04:00,7.57,7.65,0.99
INTU,2022-02-24 16:00:00-05:00,1.82,1.55,-14.98
INTU,2021-11-18 16:00:00-05:00,0.97,1.53,57.31
INTU,2021-08-24 16:00:00-04:00,1.59,1.97,24.03
INTU,2021-05-25 16:00:00-04:00,6.22,6.07,-2.39
INTU,2021-02-23 16:00:00-05:00,0.76,0.68,-10.15
INTU,2020-11-19 16:00:00-05:00,0.43,0.94,121.16
AMAT,2026-11-12 15:00:00-05:00,4.06,,
AMAT,2026-08-13 16:00:00-04:00,3.39,3.5,3.11
AMAT,2026-05-14 16:00:00-04:00,2.69,2.86,6.5
AMAT,2026-02-12 16:00:00-05:00,2.21,2.38,7.89
AMAT,2025-11-13 16:00:00-05:00,2.09,2.17,3.65
AMAT,2025-08-14 16:00:00-04:00,2.36,2.48,5.13
AMAT,2025-05-15 16:00:00-04:00,2.31,2.39,3.45
AMAT,2025-02-13 16:00:00-05:00,2.3,2.38,3.67
AMAT,2024-11-14 16:00:00-05:00,2.19,2.32,5.71
AMAT,2024-08-15 16:00:00-04:00,2.03,2.12,4.68
AMAT,2024-05-16 16:00:00-04:00,1.99,2.09,5.27
AMAT,2024-02-15 16:00:00-05:00,1.91,2.13,11.78
AMAT,2023-11-16 16:00:00-05:00,1.99,2.12,6.44
AMAT,2023-08-17 16:00:00-04:00,1.75,1.9,8.88
AMAT,2023-05-18 16:00:00-04:00,1.83,2.0,9.49
AMAT,2023-02-16 16:00:00-05:00,1.92,2.03,5.68
AMAT,2022-11-17 16:00:00-05:00,1.74,2.03,16.87
AMAT,2022-08-18 16:00:00-04:00,1.78,1.94,8.69
AMAT,2022-05-19 16:00:00-04:00,1.9,1.85,-2.77
AMAT,2022-02-16 16:00:00-05:00,1.85,1.89,1.89
AMAT,2021-11-18 16:00:00-05:00,1.96,1.94,-0.93
AMAT,2021-08-19 16:00:00-04:00,1.78,1.9,6.82
AMAT,2021-05-20 16:00:00-04:00,1.51,1.63,7.92
AMAT,2021-02-18 16:00:00-05:00,1.28,1.39,8.75
AMAT,2020-11-12 16:00:00-05:00,1.17,1.25,6.71
QCOM,2026-11-04 15:00:00-05:00,2.16,,
QCOM,2026-07-29 16:00:00-04:00,2.23,2.21,-0.74
QCOM,2026-04-29 16:00:00-04:00,2.56,2.65,3.34
QCOM,2026-02-04 16:00:00-05:00,3.4,3.5,2.87
QCOM,2025-11-05 16:00:00-05:00,2.88,3.0,4.32
QCOM,2025-07-30 16:00:00-04:00,2.71,2.77,2.05
QCOM,2025-04-30 16:00:00-04:00,2.82,2.85,1.19
QCOM,2025-02-05 16:00:00-05:00,2.99,3.41,14.2
QCOM,2024-11-06 16:00:00-05:00,2.57,2.69,4.74
QCOM,2024-07-31 16:00:00-04:00,2.26,2.33,3.32
QCOM,2024-05-01 16:00:00-04:00,2.32,2.44,5.31
QCOM,2024-01-31 16:00:00-05:00,2.37,2.75,16.1
QCOM,2023-11-01 16:00:00-04:00,1.91,2.02,5.93
QCOM,2023-08-02 16:00:00-04:00,1.81,1.87,3.35
QCOM,2023-05-03 16:00:00-04:00,2.16,2.15,-0.24
QCOM,2023-02-02 16:00:00-05:00,2.35,2.37,0.72
QCOM,2022-11-02 16:00:00-04:00,3.13,3.13,-0.13
QCOM,2022-07-27 16:00:00-04:00,2.87,2.96,3.13
QCOM,2022-04-27 16:00:00-04:00,2.92,3.21,10.08
QCOM,2022-02-02 16:00:00-05:00,3.0,3.23,7.59
QCOM,2021-11-03 16:00:00-04:00,2.26,2.55,12.82
QCOM,2021-07-28 16:00:00-04:00,1.68,1.92,14.11
QCOM,2021-04-28 02:00:00-04:00,1.67,1.9,14.09
QCOM,2021-02-03 16:00:00-05:00,2.1,2.17,3.27
QCOM,2020-11-04 16:00:00-05:00,1.18,1.45,22.83
TXN,2026-10-21 16:00:00-04:00,2.42,,
TXN,2026-07-22 16:00:00-04:00,1.94,2.14,10.48
TXN,2026-04-22 16:00:00-04:00,1.37,1.68,22.76
TXN,2026-01-27 16:00:00-05:00,1.31,1.27,-2.89
TXN,2025-10-21 16:00:00-04:00,1.49,1.48,-0.4
TXN,2025-07-22 16:00:00-04:00,1.33,1.41,5.81
TXN,2025-04-23 16:00:00-04:00,1.1,1.28,16.76
TXN,2025-01-23 16:00:00-05:00,1.2,1.3,8.29
TXN,2024-10-22 16:00:00-04:00,1.37,1.47,7.12
TXN,2024-07-23 16:00:00-04:00,1.19,1.17,-1.48
TXN,2024-04-23 16:00:00-04:00,1.07,1.2,12.41
TXN,2024-01-23 16:00:00-05:00,1.49,1.46,-2.1
TXN,2023-10-24 16:00:00-04:00,1.84,1.85,0.33
TXN,2023-07-25 16:00:00-04:00,1.77,1.87,5.84
TXN,2023-04-25 16:00:00-04:00,1.8,1.85,2.51
TXN,2023-01-24 16:00:00-05:00,2.03,2.19,7.92
TXN,2022-10-25 16:00:00-04:00,2.42,2.56,5.58
TXN,2022-07-26 16:00:00-04:00,2.15,2.52,17.26
TXN,2022-04-26 16:00:00-04:00,2.17,2.35,8.08
TXN,2022-01-25 16:00:00-05:00,1.96,2.33,18.97
TXN,2021-10-26 16:00:00-04:00,2.09,2.12,1.61
TXN,2021-07-21 16:00:00-04:00,1.85,2.1,13.62
TXN,2021-04-27 16:00:00-04:00,1.61,1.92,19.45
TXN,2021-01-26 16:00:00-05:00,1.34,1.86,38.01
TXN,2020-10-20 16:00:00-04:00,1.29,1.5,16.41
NOW,2026-10-28 16:00:00-04:00,1.03,,
NOW,2026-07-22 16:00:00-04:00,0.86,0.9,5.05
NOW,2026-04-22 16:00:00-04:00,0.97,0.97,0.36
NOW,2026-01-28 16:00:00-05:00,0.89,0.92,3.95
NOW,2025-10-29 16:00:00-04:00,0.85,0.96,13.0
NOW,2025-07-23 16:00:00-04:00,0.71,0.82,14.63
NOW,2025-04-23 16:00:00-04:00,0.77,0.81,5.36
NOW,2025-01-29 16:00:00-05:00,0.73,0.73,0.2
NOW,2024-10-23 16:00:00-04:00,0.69,0.74,7.78
NOW,2024-07-24 16:00:00-04:00,0.57,0.63,10.44
NOW,2024-04-24 16:00:00-04:00,0.63,0.68,8.87
NOW,2024-01-24 16:00:00-05:00,0.56,0.62,11.94
NOW,2023-10-25 16:00:00-04:00,0.51,0.58,14.55
NOW,2023-07-26 16:00:00-04:00,0.41,0.47,15.81
NOW,2023-04-26 16:00:00-04:00,0.41,0.47,16.36
NOW,2023-01-25 16:00:00-05:00,0.4,0.46,12.62
NOW,2022-10-26 16:00:00-04:00,0.37,0.39,6.14
NOW,2022-07-27 16:00:00-04:00,0.31,0.32,4.46
NOW,2022-04-27 16:00:00-04:00,0.34,0.35,2.03
NOW,2022-01-26 16:00:00-05:00,0.29,0.29,2.12
NOW,2021-10-27 16:00:00-04:00,0.28,0.31,11.55
NOW,2021-07-28 16:00:00-04:00,0.24,0.28,17.53
NOW,2021-04-28 16:00:00-04:00,0.27,0.3,12.85
NOW,2021-01-27 16:00:00-05:00,0.21,0.23,10.6
NOW,2020-10-28 16:00:00-04:00,0.21,0.24,17.41
PANW,2026-11-19 15:00:00-05:00,0.97,,
PANW,2026-09-01 16:00:00-04:00,0.98,1.02,4.35
PANW,2026-06-02 16:00:00-04:00,0.8,0.85,6.62
PANW,2026-02-17 16:00:00-05:00,0.94,1.03,9.88
PANW,2025-11-19 16:00:00-05:00,0.89,0.93,4.36
PANW,2025-08-18 16:00:00-04:00,0.89,0.95,7.31
PANW,2025-05-20 16:00:00-04:00,0.77,0.8,3.59
PANW,2025-02-13 16:00:00-05:00,0.78,0.81,3.94
PANW,2024-11-20 16:00:00-05:00,0.74,0.78,5.76
PANW,2024-08-19 16:00:00-04:00,0.71,0.76,6.95
PANW,2024-05-20 16:00:00-04:00,0.62,0.66,5.63
PANW,2024-02-20 16:00:00-05:00,0.65,0.73,12.2
PANW,2023-11-15 16:00:00-05:00,0.58,0.69,18.6
PANW,2023-08-18 16:00:00-04:00,0.64,0.72,12.0
PANW,2023-05-23 16:00:00-04:00,0.46,0.52,12.62
PANW,2023-02-21 16:00:00-05:00,0.39,0.53,35.37
PANW,2022-11-17 16:00:00-05:00,0.34,0.42,20.37
PANW,2022-08-22 16:00:00-04:00,0.38,0.4,4.94
PANW,2022-05-19 16:00:00-04:00,0.28,0.3,6.73
PANW,2022-02-22 16:00:00-05:00,0.27,0.29,5.6
PANW,2021-11-18 16:00:00-05:00,0.26,0.27,4.51
PANW,2021-08-23 16:00:00-04:00,0.24,0.27,11.27
PANW,2021-05-20 16:00:00-04:00,0.21,0.23,7.31
PANW,2021-02-22 16:00:00-05:00,0.24,0.26,8.04
PANW,2020-11-16 07:00:00-05:00,0.22,0.27,21.72
SNPS,2026-12-09 15:00:00-05:00,4.13,,
SNPS,2026-08-26 16:00:00-04:00,3.67,3.91,6.44
SNPS,2026-05-27 16:00:00-04:00,3.16,3.35,5.95
SNPS,2026-02-25 16:00:00-05:00,3.56,3.77,5.98
SNPS,2025-12-10 16:00:00-05:00,2.78,2.9,4.18
SNPS,2025-09-09 16:00:00-04:00,3.75,3.39,-9.48
SNPS,2025-05-28 16:00:00-04:00,3.4,3.67,7.99
SNPS,2025-02-26 16:00:00-05:00,2.79,3.03,8.57
SNPS,2024-12-04 16:00:00-05:00,3.3,3.4,3.0
SNPS,2024-08-21 16:00:00-04:00,3.29,3.43,4.3
SNPS,2024-05-22 16:00:00-04:00,2.95,3.0,1.61
SNPS,2024-02-21 16:00:00-05:00,3.41,3.56,4.26
SNPS,2023-11-29 16:00:00-05:00,3.03,3.17,4.47
SNPS,2023-08-16 16:00:00-04:00,2.74,2.88,5.25
SNPS,2023-05-17 16:00:00-04:00,2.47,2.54,2.96
SNPS,2023-02-15 16:00:00-05:00,2.49,2.62,5.37
SNPS,2022-11-30 16:00:00-05:00,1.84,1.91,3.91
SNPS,2022-08-17 16:00:00-04:00,2.04,2.1,2.88
SNPS,2022-05-18 16:00:00-04:00,2.37,2.5,5.35
SNPS,2022-02-16 16:00:00-05:00,2.37,2.4,1.08
SNPS,2021-12-01 16:00:00-05:00,1.79,1.82,1.73
SNPS,2021-08-18 16:00:00-04:00,1.78,1.81,1.9
SNPS,2021-05-19 16:00:00-04:00,1.53,1.7,11.44
SNPS,2021-02-17 16:00:00-05:00,1.46,1.52,4.09
SNPS,2020-12-02 16:00:00-05:00,1.57,1.58,0.51
CDNS,2026-10-26 16:00:00-04:00,2.05,,
CDNS,2026-07-27 16:00:00-04:00,2.06,2.11,2.66
CDNS,2026-04-27 16:00:00-04:00,1.89,1.96,3.98
CDNS,2026-02-17 16:00:00-05:00,1.91,1.99,4.07
CDNS,2025-10-27 16:00:00-04:00,1.79,1.93,7.85
CDNS,2025-07-28 16:00:00-04:00,1.56,1.65,6.0
CDNS,2025-04-28 16:00:00-04:00,1.5,1.57,4.75
CDNS,2025-02-18 16:00:00-05:00,1.82,1.88,3.16
CDNS,2024-10-28 16:00:00-04:00,1.44,1.64,13.73
CDNS,2024-07-22 16:00:00-04:00,1.23,1.28,4.27
CDNS,2024-04-22 16:00:00-04:00,1.13,1.17,3.47
CDNS,2024-02-12 16:00:00-05:00,1.33,1.38,3.68
CDNS,2023-10-23 16:00:00-04:00,1.22,1.26,3.56
CDNS,2023-07-24 16:00:00-04:00,1.19,1.22,2.41
CDNS,2023-04-24 16:00:00-04:00,1.25,1.29,2.97
CDNS,2023-02-13 16:00:00-05:00,0.92,0.96,4.53
CDNS,2022-10-24 16:00:00-04:00,0.96,1.06,10.28
CDNS,2022-07-25 16:00:00-04:00,0.97,1.08,11.8
CDNS,2022-04-25 16:00:00-04:00,1.0,1.17,16.87
CDNS,2022-02-22 16:00:00-05:00,0.78,0.82,4.59
CDNS,2021-10-25 16:00:00-04:00,0.75,0.8,6.73
CDNS,2021-07-26 16:00:00-04:00,0.76,0.86,13.55
CDNS,2021-04-26 16:00:00-04:00,0.74,0.83,11.6
CDNS,2021-02-22 16:00:00-05:00,0.74,0.83,12.07
CDNS,2020-10-19 16:00:00-04:00,0.61,0.7,15.69
KLAC,2026-10-28 16:00:00-04:00,1.18,,
KLAC,2026-07-28 16:00:00-04:00,1.0,1.05,5.14
KLAC,2026-04-29 16:00:00-04:00,0.92,0.94,2.5
KLAC,2026-01-29 16:00:00-05:00,0.88,0.89,0.59
KLAC,2025-10-29 16:00:00-04:00,0.86,0.88,2.24
KLAC,2025-07-31 16:00:00-04:00,0.86,0.94,9.67
KLAC,2025-04-30 16:00:00-04:00,0.81,0.84,4.03
KLAC,2025-01-30 16:00:00-05:00,0.78,0.82,5.73
KLAC,2024-10-30 16:00:00-04:00,0.7,0.73,4.03
KLAC,2024-07-24 16:00:00-04:00,0.61,0.66,8.11
KLAC,2024-04-25 16:00:00-04:00,0.51,0.53,4.01
KLAC,2024-01-25 16:00:00-05:00,0.59,0.62,4.74
KLAC,2023-10-25 16:00:00-04:00,0.54,0.57,6.87
KLAC,2023-07-27 16:00:00-04:00,0.49,0.54,11.17
KLAC,2023-04-26 16:00:00-04:00,0.53,0.55,3.84
KLAC,2023-01-26 16:00:00-05:00,0.71,0.74,4.05
KLAC,2022-10-26 16:00:00-04:00,0.62,0.71,13.37
KLAC,2022-07-28 16:00:00-04:00,0.55,0.58,5.84
KLAC,2022-04-28 16:00:00-04:00,0.48,0.51,6.33
KLAC,2022-01-27 16:00:00-05:00,0.55,0.56,2.53
KLAC,2021-10-27 16:00:00-04:00,0.45,0.46,2.69
KLAC,2021-07-29 16:00:00-04:00,0.4,0.44,10.7
KLAC,2021-04-29 16:00:00-04:00,0.36,0.39,6.43
KLAC,2021-02-03 23:00:00-05:00,0.32,0.32,0.71
KLAC,2020-10-28 16:00:00-04:00,0.28,0.3,8.68
LRCX,2026-10-21 16:00:00-04:00,2.18,,
LRCX,2026-07-29 16:00:00-04:00,1.68,1.82,8.1
LRCX,2026-04-22 16:00:00-04:00,1.36,1.47,7.87
LRCX,2026-01-28 16:00:00-05:00,1.17,1.27,8.7
LRCX,2025-10-22 16:00:00-04:00,1.22,1.26,3.27
LRCX,2025-07-30 16:00:00-04:00,1.21,1.33,10.36
LRCX,2025-04-23 16:00:00-04:00,1.0,1.04,4.06
LRCX,2025-01-29 16:00:00-05:00,0.88,0.91,3.51
LRCX,2024-10-23 16:00:00-04:00,0.81,0.86,6.51
LRCX,2024-07-31 16:00:00-04:00,0.76,0.81,7.29
LRCX,2024-04-24 16:00:00-04:00,0.73,0.78,6.78
LRCX,2024-01-24 16:00:00-05:00,0.71,0.75,5.69
LRCX,2023-10-18 16:00:00-04:00,0.61,0.69,11.83
LRCX,2023-07-26 16:00:00-04:00,0.51,0.6,16.53
LRCX,2023-04-19 16:00:00-04:00,0.65,0.7,7.12
LRCX,2023-01-25 16:00:00-05:00,1.0,1.07,7.11
LRCX,2022-10-19 16:00:00-04:00,0.95,1.04,9.19
LRCX,2022-07-27 16:00:00-04:00,0.73,0.88,20.45
LRCX,2022-04-20 16:00:00-04:00,0.75,0.74,-1.41
LRCX,2022-01-26 16:00:00-05:00,0.85,0.85,0.19
LRCX,2021-10-20 16:00:00-04:00,0.82,0.84,1.92
LRCX,2021-07-28 16:00:00-04:00,0.76,0.81,6.27
LRCX,2021-04-21 16:00:00-04:00,0.66,0.75,13.37
LRCX,2021-01-27 16:00:00-05:00,0.57,0.6,5.5
LRCX,2020-10-21 16:00:00-04:00,0.52,0.57,9.15
MU,2026-12-23 15:00:00-05:00,38.21,,
MU,2026-09-30 16:00:00-04:00,31.82,33.42,5.03
MU,2026-06-24 16:00:00-04:00,20.69,25.11,21.39
MU,2026-03-18 16:00:00-04:00,9.16,12.2,33.21
MU,2025-12-17 16:00:00-05:00,3.96,4.78,20.58
MU,2025-09-23 16:00:00-04:00,2.86,3.03,5.94
MU,2025-06-25 16:00:00-04:00,1.59,1.91,19.75
MU,2025-03-20 16:00:00-04:00,1.42,1.56,9.49
MU,2024-12-18 16:00:00-05:00,1.77,1.79,1.36
MU,2024-09-25 16:00:00-04:00,1.11,1.18,5.88
MU,2024-06-26 16:00:00-04:00,0.53,0.62,17.27
MU,2024-03-20 16:00:00-04:00,-0.24,0.42,273.75
MU,2023-12-20 16:00:00-05:00,-1.01,-0.95,5.85
MU,2023-09-27 16:00:00-04:00,-1.18,-1.07,9.27
MU,2023-06-28 16:00:00-04:00,-1.57,-1.43,8.74
MU,2023-03-28 16:00:00-04:00,-0.88,-1.91,-115.83
MU,2022-12-21 16:00:00-05:00,-0.02,-0.04,-114.02
MU,2022-09-29 16:00:00-04:00,1.37,1.45,5.82
MU,2022-06-30 16:00:00-04:00,2.44,2.59,5.96
MU,2022-03-29 16:00:00-04:00,1.98,2.14,8.07
MU,2021-12-20 16:00:00-05:00,2.11,2.16,2.58
MU,2021-09-28 16:00:00-04:00,2.34,2.42,3.35
MU,2021-06-30 16:00:00-04:00,1.72,1.88,9.15
MU,2021-03-31 16:00:00-04:00,0.95,0.98,3.68
MU,2021-01-07 16:00:00-05:00,0.69,0.78,12.96
ANET,2026-11-03 15:00:00-05:00,1.08,,
ANET,2026-08-04 16:00:00-04:00,0.89,1.02,15.18
ANET,2026-05-05 16:00:00-04:00,0.81,0.87,7.73
ANET,2026-02-12 16:00:00-05:00,0.76,0.82,8.17
ANET,2025-11-04 16:00:00-05:00,0.71,0.75,4.98
ANET,2025-08-05 16:00:00-04:00,0.65,0.73,12.38
ANET,2025-05-06 16:00:00-04:00,0.59,0.65,9.98
ANET,2025-02-18 16:00:00-05:00,0.57,0.65,13.96
ANET,2024-11-07 16:00:00-05:00,0.52,0.6,15.31
ANET,2024-07-30 16:00:00-04:00,0.48,0.53,8.37
ANET,2024-05-07 16:00:00-04:00,0.44,0.5,14.31
ANET,2024-02-12 16:00:00-05:00,0.43,0.52,21.6
ANET,2023-10-30 16:00:00-04:00,0.39,0.46,16.12
ANET,2023-07-31 16:00:00-04:00,0.36,0.4,9.89
ANET,2023-05-01 16:00:00-04:00,0.34,0.36,6.26
ANET,2023-02-13 16:00:00-05:00,0.3,0.35,16.19
ANET,2022-10-31 16:00:00-04:00,0.26,0.31,19.48
ANET,2022-08-01 16:00:00-04:00,0.23,0.27,17.24
ANET,2022-05-02 16:00:00-04:00,0.2,0.21,3.91
ANET,2022-02-14 16:00:00-05:00,0.18,0.21,11.77
ANET,2021-11-01 16:00:00-04:00,0.17,0.19,9.0
ANET,2021-08-02 16:00:00-04:00,0.16,0.17,6.76
ANET,2021-05-04 16:00:00-04:00,0.15,0.16,5.16
ANET,2021-02-18 16:00:00-05:00,0.15,0.16,4.3
ANET,2020-11-02 16:00:00-05:00,0.14,0.15,8.91
CRWD,2026-12-01 15:00:00-05:00,0.31,,
CRWD,2026-08-26 16:00:00-04:00,0.29,0.31,6.38
CRWD,2026-06-03 16:00:00-04:00,0.27,0.28,3.05
CRWD,2026-03-03 16:00:00-05:00,0.28,0.28,1.56
CRWD,2025-12-02 16:00:00-05:00,0.24,0.24,1.98
CRWD,2025-08-27 16:00:00-04:00,0.21,0.23,12.05
CRWD,2025-06-03 16:00:00-04:00,0.16,0.18,10.62
CRWD,2025-03-04 16:00:00-05:00,0.21,0.26,19.85
CRWD,2024-11-26 16:00:00-05:00,0.2,0.23,14.94
CRWD,2024-08-28 16:00:00-04:00,0.24,0.26,7.74
CRWD,2024-06-04 16:00:00-04:00,0.22,0.23,4.38
CRWD,2024-03-05 16:00:00-05:00,0.21,0.24,15.29
CRWD,2023-11-28 16:00:00-05:00,0.18,0.21,10.85
CRWD,2023-08-30 16:00:00-04:00,0.14,0.19,32.62
CRWD,2023-05-31 16:00:00-04:00,0.13,0.14,13.65
CRWD,2023-03-07 16:00:00-05:00,0.11,0.12,10.45
CRWD,2022-11-29 16:00:00-05:00,0.08,0.1,26.5
CRWD,2022-08-30 16:00:00-04:00,0.07,0.09,31.87
CRWD,2022-06-02 16:00:00-04:00,0.06,0.08,33.21
CRWD,2022-03-09 16:00:00-05:00,0.05,0.08,47.93
CRWD,2021-12-01 16:00:00-05:00,0.02,0.04,72.69
CRWD,2021-08-31 16:00:00-04:00,0.02,0.03,28.93
CRWD,2021-06-03 16:00:00-04:00,0.01,0.03,74.09
CRWD,2021-03-16 16:00:00-04:00,0.02,0.03,53.37
CRWD,2020-12-02 16:00:00-05:00,,0.02,18281.82
FTNT,2026-10-28 16:00:00-04:00,0.86,,
FTNT,2026-07-29 16:00:00-04:00,0.75,0.9,20.53
FTNT,2026-05-06 16:00:00-04:00,0.62,0.82,32.63
FTNT,2026-02-05 16:00:00-05:00,0.74,0.81,8.95
FTNT,2025-11-05 16:00:00-05:00,0.63,0.74,16.91
FTNT,2025-08-06 16:00:00-04:00,0.59,0.64,8.27
FTNT,2025-05-07 16:00:00-04:00,0.53,0.58,9.02
FTNT,2025-02-06 16:00:00-05:00,0.61,0.74,21.86
FTNT,2024-11-07 16:00:00-05:00,0.52,0.63,21.52
FTNT,2024-08-06 16:00:00-04:00,0.41,0.57,40.18
FTNT,2024-05-02 16:00:00-04:00,0.38,0.43,11.75
FTNT,2024-02-06 16:00:00-05:00,0.43,0.51,18.14
FTNT,2023-11-02 16:00:00-04:00,0.36,0.41,12.58
FTNT,2023-08-03 16:00:00-04:00,0.34,0.38,10.69
FTNT,2023-05-04 16:00:00-04:00,0.29,0.34,18.93
FTNT,2023-02-07 16:00:00-05:00,0.39,0.44,12.25
FTNT,2022-11-02 16:00:00-04:00,0.27,0.33,20.57
FTNT,2022-08-03 16:00:00-04:00,0.22,0.24,9.35
FTNT,2022-05-04 16:00:00-04:00,0.16,0.19,17.8
FTNT,2022-02-03 16:00:00-05:00,0.23,0.25,7.07
FTNT,2021-11-04 16:00:00-04:00,0.19,0.2,5.33
FTNT,2021-07-29 16:00:00-04:00,0.17,0.19,9.2
FTNT,2021-04-29 16:00:00-04:00,0.15,0.16,9.73
FTNT,2021-02-04 16:00:00-05:00,0.19,0.21,9.59
FTNT,2020-10-29 16:00:00-04:00,0.16,0.18,12.87
ADI,2026-11-24 07:00:00-05:00,3.85,,
ADI,2026-08-19 07:00:00-04:00,3.34,3.45,3.32
ADI,2026-05-20 07:00:00-04:00,2.91,3.09,6.22
ADI,2026-02-18 07:00:00-05:00,2.31,2.46,6.55
ADI,2025-11-25 07:00:00-05:00,2.23,2.26,1.13
ADI,2025-08-20 07:00:00-04:00,1.95,2.05,5.33
ADI,2025-05-22 07:00:00-04:00,1.7,1.85,9.14
ADI,2025-02-19 07:00:00-05:00,1.54,1.63,5.6
ADI,2024-11-26 07:00:00-05:00,1.64,1.67,1.88
ADI,2024-08-21 07:00:00-04:00,1.51,1.58,4.83
ADI,2024-05-22 07:00:00-04:00,1.27,1.4,10.34
ADI,2024-02-21 07:00:00-05:00,1.71,1.73,1.43
ADI,2023-11-21 07:00:00-05:00,2.02,2.01,-0.38
ADI,2023-08-23 07:00:00-04:00,2.52,2.49,-1.16
ADI,2023-05-24 07:00:00-04:00,2.76,2.83,2.67
ADI,2023-02-15 07:00:00-05:00,2.6,2.75,5.67
ADI,2022-11-22 07:00:00-05:00,2.59,2.73,5.51
ADI,2022-08-17 07:00:00-04:00,2.43,2.52,3.62
ADI,2022-05-18 07:00:00-04:00,2.11,2.4,13.69
ADI,2022-02-16 07:00:00-05:00,1.79,1.94,8.48
ADI,2021-11-23 07:00:00-05:00,1.7,1.73,1.9
ADI,2021-08-18 07:00:00-04:00,1.61,1.72,6.53
ADI,2021-05-19 07:00:00-04:00,1.45,1.54,6.04
ADI,2021-02-17 08:00:00-05:00,1.32,1.44,8.98
ADI,2020-11-24 08:00:00-05:00,1.33,1.44,8.66
ADP,2026-10-28 08:00:00-04:00,2.76,,
ADP,2026-07-28 20:00:00-04:00,2.6,2.64,1.58
ADP,2026-04-29 06:00:00-04:00,3.3,3.37,2.26
ADP,2026-01-28 06:00:00-05:00,2.57,2.62,2.0
ADP,2025-10-29 06:00:00-04:00,2.44,2.49,1.94
ADP,2025-07-30 06:00:00-04:00,2.23,2.26,1.5
ADP,2025-04-30 06:00:00-04:00,2.97,3.06,2.93
ADP,2025-01-29 06:00:00-05:00,2.3,2.35,2.38
ADP,2024-10-30 06:00:00-04:00,2.21,2.33,5.32
ADP,2024-07-31 06:00:00-04:00,2.06,2.09,1.38
ADP,2024-05-01 06:00:00-04:00,2.78,2.88,3.45
ADP,2024-01-31 06:00:00-05:00,2.1,2.13,1.35
ADP,2023-10-25 06:00:00-04:00,2.02,2.08,2.8
ADP,2023-07-26 06:00:00-04:00,1.83,1.89,3.16
ADP,2023-04-26 06:00:00-04:00,2.45,2.52,2.73
ADP,2023-01-25 06:00:00-05:00,1.94,1.96,1.15
ADP,2022-10-26 06:00:00-04:00,1.79,1.86,3.91
ADP,2022-07-27 06:00:00-04:00,1.47,1.5,2.38
ADP,2022-04-27 06:00:00-04:00,2.08,2.21,6.38
ADP,2022-01-26 06:00:00-05:00,1.63,1.65,1.25
ADP,2021-10-27 06:00:00-04:00,1.49,1.65,10.98
ADP,2021-07-28 06:00:00-04:00,1.14,1.2,5.37
ADP,2021-04-28 06:00:00-04:00,1.78,1.89,5.94
ADP,2021-01-27 07:00:00-05:00,1.29,1.52,18.15
ADP,2020-10-28 07:00:00-04:00,0.98,1.41,44.43
MSI,2026-11-05 15:00:00-05:00,4.44,,
MSI,2026-08-05 16:00:00-04:00,3.85,4.41,14.45
MSI,2026-05-07 16:00:00-04:00,3.25,3.37,3.83
MSI,2026-02-11 16:00:00-05:00,4.35,4.59,5.44
MSI,2025-10-30 16:00:00-04:00,3.85,4.06,5.45
MSI,2025-08-07 16:00:00-04:00,3.36,3.57,6.21
MSI,2025-05-01 16:00:00-04:00,3.01,3.18,5.66
MSI,2025-02-13 16:00:00-05:00,3.89,4.04,3.94
MSI,2024-11-07 16:00:00-05:00,3.38,3.74,10.62
MSI,2024-08-01 16:00:00-04:00,3.01,3.24,7.56
MSI,2024-05-02 16:00:00-04:00,2.53,2.81,11.01
MSI,2024-02-08 16:00:00-05:00,3.63,3.9,7.33
MSI,2023-11-02 16:00:00-04:00,3.03,3.19,5.45
MSI,2023-08-03 16:00:00-04:00,2.52,2.65,5.34
MSI,2023-05-04 16:00:00-04:00,2.05,2.22,8.1
MSI,2023-02-09 13:00:00-05:00,3.43,3.6,4.82
MSI,2022-11-03 16:00:00-04:00,2.88,3.0,4.1
MSI,2022-08-04 16:00:00-04:00,1.87,2.07,10.56
MSI,2022-05-12 16:00:00-04:00,1.58,1.7,7.59
MSI,2022-02-09 16:00:00-05:00,2.74,2.85,3.93
MSI,2021-11-04 16:00:00-04:00,2.14,2.35,10.06
MSI,2021-08-05 16:00:00-04:00,1.92,2.07,7.61
MSI,2021-05-06 16:00:00-04:00,1.62,1.87,15.08
MSI,2021-02-04 16:00:00-05:00,2.74,2.86,4.26
MSI,2020-10-29 16:00:00-04:00,1.78,1.95,9.71
APH,2026-10-28 08:00:00-04:00,0.72,,
APH,2026-07-29 08:00:00-04:00,1.19,1.35,13.19
APH,2026-04-29 08:00:00-04:00,0.95,1.06,11.96
APH,2026-01-28 08:00:00-05:00,0.94,0.97,3.07
APH,2025-10-22 08:00:00-04:00,0.8,0.93,16.48
APH,2025-07-23 08:00:00-04:00,0.67,0.81,21.66
APH,2025-04-23 08:00:00-04:00,0.52,0.63,20.96
APH,2025-01-22 08:00:00-05:00,0.5,0.55,9.23
APH,2024-10-23 08:00:00-04:00,0.45,0.5,10.42
APH,2024-07-24 08:00:00-04:00,0.41,0.44,7.63
APH,2024-04-24 08:00:00-04:00,0.37,0.4,8.87
APH,2024-01-24 08:00:00-05:00,0.38,0.41,7.02
APH,2023-10-25 08:00:00-04:00,0.37,0.39,5.29
APH,2023-07-26 08:00:00-04:00,0.34,0.36,5.86
APH,2023-04-26 08:00:00-04:00,0.34,0.35,2.92
APH,2023-01-25 08:00:00-05:00,0.37,0.39,4.37
APH,2022-10-26 08:00:00-04:00,0.37,0.4,6.73
APH,2022-07-27 08:00:00-04:00,0.17,0.19,11.02
APH,2022-04-27 08:00:00-04:00,0.15,0.17,9.26
APH,2022-01-26 08:00:00-05:00,0.31,0.35,13.31
APH,2021-10-27 08:00:00-04:00,0.31,0.33,3.46
APH,2021-07-28 08:00:00-04:00,0.13,0.15,13.0
APH,2021-04-28 08:00:00-04:00,0.11,0.13,13.48
APH,2021-01-27 08:00:00-05:00,0.26,0.28,10.44
APH,2020-10-21 08:00:00-04:00,0.22,0.27,24.16
PLTR,2026-11-02 15:00:00-05:00,0.41,,
PLTR,2026-08-03 16:00:00-04:00,0.35,0.41,18.51
PLTR,2026-05-04 16:00:00-04:00,0.28,0.33,18.08
PLTR,2026-02-02 16:00:00-05:00,0.23,0.25,8.6
PLTR,2025-11-03 16:00:00-05:00,0.17,0.21,25.46
PLTR,2025-08-04 16:00:00-04:00,0.14,0.16,15.57
PLTR,2025-05-05 16:00:00-04:00,0.13,0.13,1.11
PLTR,2025-02-03 16:00:00-05:00,0.11,0.14,23.72
PLTR,2024-11-04 16:00:00-05:00,0.09,0.1,10.06
PLTR,2024-08-05 16:00:00-04:00,0.08,0.09,10.55
PLTR,2024-05-06 16:00:00-04:00,0.08,0.08,4.1
PLTR,2024-02-05 16:00:00-05:00,0.08,0.08,5.39
PLTR,2023-11-02 07:00:00-04:00,0.06,0.07,25.07
PLTR,2023-08-07 16:00:00-04:00,0.05,0.05,-0.79
PLTR,2023-05-08 16:00:00-04:00,0.04,0.05,25.03
PLTR,2023-02-13 16:00:00-05:00,0.03,0.04,49.48
PLTR,2022-11-07 07:00:00-05:00,0.02,0.01,-38.61
PLTR,2022-08-08 07:00:00-04:00,0.03,-0.01,-131.7
PLTR,2022-05-09 07:00:00-04:00,0.04,0.02,-45.37
PLTR,2022-02-17 06:00:00-05:00,0.04,0.02,-44.09
PLTR,2021-11-09 07:00:00-05:00,0.04,0.04,10.16
PLTR,2021-08-12 07:00:00-04:00,0.03,0.04,16.01
PLTR,2021-05-11 07:00:00-04:00,0.04,0.04,7.87
PLTR,2021-02-16 07:00:00-05:00,0.02,0.06,128.04
PLTR,2020-11-12 16:00:00-05:00,0.03,0.06,145.25
WDAY,2026-12-01 15:00:00-05:00,2.74,,
WDAY,2026-08-27 16:00:00-04:00,2.61,2.75,5.27
WDAY,2026-05-21 16:00:00-04:00,2.52,2.66,5.68
WDAY,2026-02-24 16:00:00-05:00,2.32,2.47,6.41
WDAY,2025-11-25 16:00:00-05:00,2.17,2.32,6.74
WDAY,2025-08-21 16:00:00-04:00,2.12,2.21,4.44
WDAY,2025-05-22 16:00:00-04:00,2.01,2.23,10.99
WDAY,2025-02-25 16:00:00-05:00,1.78,1.92,8.06
WDAY,2024-11-26 16:00:00-05:00,1.76,1.89,7.49
WDAY,2024-08-22 16:00:00-04:00,1.65,1.75,6.05
WDAY,2024-05-23 16:00:00-04:00,1.58,1.74,10.12
WDAY,2024-02-26 16:00:00-05:00,1.47,1.57,7.03
WDAY,2023-11-28 16:00:00-05:00,1.41,1.53,8.72
WDAY,2023-08-24 16:00:00-04:00,1.26,1.43,13.61
WDAY,2023-05-25 16:00:00-04:00,1.12,1.31,16.62
WDAY,2023-02-27 16:00:00-05:00,0.9,0.99,10.4
WDAY,2022-11-29 16:00:00-05:00,0.85,0.99,17.12
WDAY,2022-08-25 16:00:00-04:00,0.8,0.83,3.24
WDAY,2022-05-26 16:00:00-04:00,0.85,0.83,-2.83
WDAY,2022-02-28 16:00:00-05:00,0.71,0.78,9.58
WDAY,2021-11-18 16:00:00-05:00,0.87,1.1,27.06
WDAY,2021-08-26 16:00:00-04:00,0.77,1.23,60.19
WDAY,2021-05-26 16:00:00-04:00,0.73,0.87,19.28
WDAY,2021-02-25 16:00:00-05:00,0.55,0.73,31.65
WDAY,2020-11-19 16:00:00-05:00,0.67,0.86,28.03
ADSK,2026-11-27 15:00:00-05:00,3.07,,
ADSK,2026-08-27 16:00:00-04:00,3.12,3.3,5.64
ADSK,2026-05-28 16:00:00-04:00,2.84,2.99,5.15
ADSK,2026-02-26 16:00:00-05:00,2.64,2.85,7.81
ADSK,2025-11-25 16:00:00-05:00,2.5,2.67,6.89
ADSK,2025-08-28 16:00:00-04:00,2.45,2.62,7.01
ADSK,2025-05-22 16:00:00-04:00,2.15,2.29,6.67
ADSK,2025-02-27 16:00:00-05:00,2.14,2.29,7.01
ADSK,2024-11-26 16:00:00-05:00,2.12,2.17,2.42
ADSK,2024-08-29 16:00:00-04:00,2.0,2.15,7.28
ADSK,2024-06-10 16:00:00-04:00,1.77,1.87,5.69
ADSK,2024-02-29 16:00:00-05:00,1.95,2.09,7.29
ADSK,2023-11-21 16:00:00-05:00,1.99,2.07,3.97
ADSK,2023-08-23 16:00:00-04:00,1.73,1.91,10.66
ADSK,2023-05-25 16:00:00-04:00,1.56,1.55,-0.55
ADSK,2023-02-23 16:00:00-05:00,1.81,1.86,2.64
ADSK,2022-11-22 16:00:00-05:00,1.7,1.7,-0.09
ADSK,2022-08-24 16:00:00-04:00,1.57,1.65,4.97
ADSK,2022-05-26 16:00:00-04:00,1.34,1.43,6.94
ADSK,2022-02-24 16:00:00-05:00,1.44,1.5,4.07
ADSK,2021-11-23 16:00:00-05:00,1.26,1.33,5.83
ADSK,2021-08-25 16:00:00-04:00,1.12,1.21,8.1
ADSK,2021-05-27 16:00:00-04:00,0.94,1.03,9.43
ADSK,2021-02-25 16:00:00-05:00,1.07,1.18,9.9
ADSK,2020-11-24 16:00:00-05:00,0.96,1.04,8.87
NXPI,2026-10-27 16:00:00-04:00,4.1,,
NXPI,2026-07-28 16:00:00-04:00,3.53,3.61,2.35
NXPI,2026-04-28 16:00:00-04:00,2.98,3.05,2.2
NXPI,2026-02-02 16:00:00-05:00,3.31,3.35,1.18
NXPI,2025-10-27 16:00:00-04:00,3.12,3.11,-0.27
NXPI,2025-07-21 16:00:00-04:00,2.66,2.72,2.31
NXPI,2025-04-28 16:00:00-04:00,2.6,2.64,1.39
NXPI,2025-02-03 16:00:00-05:00,3.14,3.18,1.4
NXPI,2024-11-04 16:00:00-05:00,3.43,3.45,0.71
NXPI,2024-07-22 20:00:00-04:00,3.2,3.2,-0.11
NXPI,2024-04-29 16:00:00-04:00,3.18,3.24,2.01
NXPI,2024-02-05 16:00:00-05:00,3.64,3.71,1.84
NXPI,2023-11-06 16:00:00-05:00,3.59,3.7,2.92
NXPI,2023-07-24 16:00:00-04:00,3.28,3.43,4.43
NXPI,2023-05-01 17:00:00-04:00,3.02,3.19,5.77
NXPI,2023-01-30 16:00:00-05:00,3.63,3.73,2.79
NXPI,2022-10-31 16:00:00-04:00,3.66,3.81,3.95
NXPI,2022-07-25 16:00:00-04:00,3.38,3.52,4.3
NXPI,2022-05-02 22:00:00-04:00,3.19,3.37,5.46
NXPI,2022-01-31 16:00:00-05:00,3.01,3.2,6.28
NXPI,2021-11-01 13:00:00-04:00,2.74,2.84,4.01
NXPI,2021-08-01 20:00:00-04:00,2.32,2.39,2.93
NXPI,2021-04-26 16:00:00-04:00,2.21,2.31,4.55
NXPI,2021-02-01 16:00:00-05:00,2.12,2.22,4.72
NXPI,2020-10-26 17:00:00-04:00,1.6,1.62,1.63
MCHP,2026-11-05 15:00:00-05:00,0.93,,
MCHP,2026-08-06 16:00:00-04:00,0.7,0.76,8.68
MCHP,2026-05-07 16:00:00-04:00,0.5,0.57,12.93
MCHP,2026-02-05 16:00:00-05:00,0.43,0.44,2.75
MCHP,2025-11-06 16:00:00-05:00,0.33,0.35,4.93
MCHP,2025-08-07 16:00:00-04:00,0.24,0.27,13.17
MCHP,2025-05-08 16:00:00-04:00,0.1,0.11,5.3
MCHP,2025-02-06 16:00:00-05:00,0.28,0.2,-28.22
MCHP,2024-11-05 16:00:00-05:00,0.43,0.46,5.96
MCHP,2024-08-01 16:00:00-04:00,0.52,0.53,1.55
MCHP,2024-05-06 16:00:00-04:00,0.62,0.57,-7.8
MCHP,2024-02-01 16:00:00-05:00,1.06,1.08,1.57
MCHP,2023-11-02 16:00:00-04:00,1.61,1.62,0.33
MCHP,2023-08-03 16:00:00-04:00,1.63,1.64,0.5
MCHP,2023-05-04 16:00:00-04:00,1.61,1.64,1.78
MCHP,2023-02-02 16:00:00-05:00,1.54,1.56,1.41
MCHP,2022-11-03 16:00:00-04:00,1.44,1.46,1.41
MCHP,2022-08-02 16:00:00-04:00,1.34,1.37,2.4
MCHP,2022-05-09 16:00:00-04:00,1.25,1.35,7.94
MCHP,2022-02-03 16:00:00-05:00,1.17,1.2,2.36
MCHP,2021-11-04 16:00:00-04:00,1.06,1.07,1.01
MCHP,2021-08-03 16:00:00-04:00,0.95,0.99,3.8
MCHP,2021-05-06 16:00:00-04:00,0.87,0.93,6.3
MCHP,2021-02-04 15:00:00-05:00,0.79,0.81,2.23
MCHP,2020-11-05 16:00:00-05:00,0.72,0.78,9.01
AMZN,2026-10-29 16:00:00-04:00,1.95,,
AMZN,2026-07-30 16:00:00-04:00,1.83,5.75,214.89
AMZN,2026-04-29 16:00:00-04:00,1.65,2.78,68.18
AMZN,2026-02-05 16:00:00-05:00,1.95,1.95,0.22
AMZN,2025-10-30 16:00:00-04:00,1.56,1.95,25.2
AMZN,2025-07-31 16:00:00-04:00,1.32,1.68,27.19
AMZN,2025-05-01 16:00:00-04:00,1.36,1.59,16.77
AMZN,2025-02-06 16:00:00-05:00,1.48,1.86,25.29
AMZN,2024-10-31 16:00:00-04:00,1.14,1.43,25.22
AMZN,2024-08-01 12:00:00-04:00,1.02,1.26,23.76
AMZN,2024-04-30 16:00:00-04:00,0.83,0.98,17.67
AMZN,2024-02-01 16:00:00-05:00,0.8,1.0,24.38
AMZN,2023-10-26 16:00:00-04:00,0.58,0.94,62.22
AMZN,2023-08-03 16:00:00-04:00,0.34,0.65,91.19
AMZN,2023-04-27 16:00:00-04:00,0.21,0.31,44.29
AMZN,2023-02-02 16:00:00-05:00,0.17,0.03,-82.2
AMZN,2022-10-27 16:00:00-04:00,0.21,0.28,35.53
AMZN,2022-07-28 16:00:00-04:00,0.12,-0.2,-273.3
AMZN,2022-04-28 16:00:00-04:00,0.42,-0.38,-190.58
AMZN,2022-02-03 16:00:00-05:00,0.18,1.39,657.12
AMZN,2021-10-28 16:00:00-04:00,0.44,0.31,-31.21
AMZN,2021-07-29 16:00:00-04:00,0.61,0.76,23.06
AMZN,2021-04-29 16:00:00-04:00,0.47,0.79,67.3
AMZN,2021-02-02 16:00:00-05:00,0.35,0.7,100.1
AMZN,2020-10-29 16:00:00-04:00,0.38,0.62,64.25
TSLA,2026-10-21 16:00:00-04:00,0.45,,
TSLA,2026-07-22 16:00:00-04:00,0.54,0.33,-39.15
TSLA,2026-04-22 16:00:00-04:00,0.35,0.41,17.15
TSLA,2026-01-28 16:00:00-05:00,0.45,0.5,10.96
TSLA,2025-10-22 16:00:00-04:00,0.56,0.5,-10.53
TSLA,2025-07-23 16:00:00-04:00,0.4,0.4,-1.11
TSLA,2025-04-22 16:00:00-04:00,0.41,0.27,-34.89
TSLA,2025-01-29 16:00:00-05:00,0.77,0.73,-5.11
TSLA,2024-10-23 16:00:00-04:00,0.6,0.72,20.49
TSLA,2024-07-23 20:00:00-04:00,0.62,0.52,-16.15
TSLA,2024-04-23 16:00:00-04:00,0.49,0.45,-8.14
TSLA,2024-01-24 16:00:00-05:00,0.74,0.71,-3.5
TSLA,2023-10-18 16:00:00-04:00,0.73,0.66,-9.81
TSLA,2023-07-19 16:00:00-04:00,0.82,0.91,11.12
TSLA,2023-04-19 16:00:00-04:00,0.85,0.85,-0.43
TSLA,2023-01-25 16:00:00-05:00,1.11,1.19,7.2
TSLA,2022-10-19 17:00:00-04:00,1.0,1.05,5.23
TSLA,2022-07-20 17:00:00-04:00,0.6,0.76,26.89
TSLA,2022-04-20 16:00:00-04:00,0.75,1.07,42.31
TSLA,2022-01-26 16:00:00-05:00,0.79,0.85,6.88
TSLA,2021-10-20 15:00:00-04:00,0.54,0.62,15.22
TSLA,2021-07-26 16:00:00-04:00,0.32,0.48,49.86
TSLA,2021-04-26 16:00:00-04:00,0.26,0.31,19.42
TSLA,2021-01-27 16:00:00-05:00,0.35,0.27,-23.91
TSLA,2020-10-21 18:00:00-04:00,0.2,0.25,25.78
HD,2026-11-17 07:00:00-05:00,3.83,,
HD,2026-08-18 06:00:00-04:00,4.73,4.92,3.97
HD,2026-05-19 06:00:00-04:00,3.41,3.43,0.69
HD,2026-02-24 06:00:00-05:00,2.52,2.72,7.8
HD,2025-11-18 06:00:00-05:00,3.83,3.74,-2.45
HD,2025-08-19 06:00:00-04:00,4.69,4.68,-0.31
HD,2025-05-20 06:00:00-04:00,3.59,3.56,-0.81
HD,2025-02-25 06:00:00-05:00,3.04,3.02,-0.79
HD,2024-11-12 06:00:00-05:00,3.66,3.67,0.33
HD,2024-08-13 06:00:00-04:00,4.55,4.6,1.16
HD,2024-05-14 06:00:00-04:00,3.61,3.63,0.57
HD,2024-02-20 06:00:00-05:00,2.77,2.82,1.63
HD,2023-11-14 06:00:00-05:00,3.76,3.81,1.35
HD,2023-08-15 06:00:00-04:00,4.44,4.65,4.68
HD,2023-05-16 06:00:00-04:00,3.8,3.82,0.52
HD,2023-02-21 06:00:00-05:00,3.29,3.3,0.4
HD,2022-11-15 06:00:00-05:00,4.12,4.24,2.96
HD,2022-08-16 06:00:00-04:00,4.93,5.05,2.36
HD,2022-05-17 06:00:00-04:00,3.69,4.09,10.83
HD,2022-02-22 06:00:00-05:00,3.18,3.21,0.87
HD,2021-11-16 06:00:00-05:00,3.4,3.92,15.29
HD,2021-08-17 06:00:00-04:00,4.43,4.53,2.33
HD,2021-05-18 06:00:00-04:00,3.05,3.86,26.58
HD,2021-02-23 06:00:00-05:00,2.62,2.74,4.59
HD,2020-11-17 06:00:00-05:00,3.04,3.18,4.77
LOW,2026-11-18 07:00:00-05:00,2.95,,
LOW,2026-08-19 06:00:00-04:00,4.22,4.4,4.19
LOW,2026-05-20 06:00:00-04:00,2.97,3.03,2.12
LOW,2026-02-25 06:00:00-05:00,1.94,1.98,1.93
LOW,2025-11-19 06:00:00-05:00,2.95,3.06,3.61
LOW,2025-08-20 06:00:00-04:00,4.24,4.33,2.18
LOW,2025-05-21 06:00:00-04:00,2.88,2.92,1.4
LOW,2025-02-26 06:00:00-05:00,1.84,1.93,4.84
LOW,2024-11-19 06:00:00-05:00,2.81,2.89,2.77
LOW,2024-08-20 06:00:00-04:00,4.0,4.1,2.58
LOW,2024-05-21 06:00:00-04:00,2.95,3.06,3.64
LOW,2024-02-27 06:00:00-05:00,1.68,1.77,5.25
LOW,2023-11-21 06:00:00-05:00,3.03,3.06,0.94
LOW,2023-08-22 06:00:00-04:00,4.48,4.56,1.79
LOW,2023-05-23 06:00:00-04:00,3.45,3.67,6.51
LOW,2023-03-01 06:00:00-05:00,2.21,2.28,2.94
LOW,2022-11-16 06:00:00-05:00,3.09,3.27,5.74
LOW,2022-08-17 06:00:00-04:00,4.59,4.67,1.73
LOW,2022-05-18 06:00:00-04:00,3.23,3.51,8.67
LOW,2022-02-23 06:00:00-05:00,1.69,1.78,5.23
LOW,2021-11-17 06:00:00-05:00,2.35,2.73,16.06
LOW,2021-08-18 06:00:00-04:00,4.01,4.25,6.12
LOW,2021-05-19 06:00:00-04:00,2.59,3.21,24.08
LOW,2021-02-24 06:00:00-05:00,1.21,1.33,9.87
LOW,2020-11-18 06:00:00-05:00,1.96,1.98,1.22
NKE,2026-12-17 15:00:00-05:00,0.38,,
NKE,2026-10-01 16:00:00-04:00,0.44,0.48,9.87
NKE,2026-06-30 16:00:00-04:00,0.13,0.72,466.13
NKE,2026-03-31 16:00:00-04:00,0.28,0.35,24.31
NKE,2025-12-18 16:00:00-05:00,0.38,0.53,41.33
NKE,2025-09-30 16:00:00-04:00,0.27,0.49,81.32
NKE,2025-06-26 16:00:00-04:00,0.12,0.14,14.18
NKE,2025-03-20 16:00:00-04:00,0.29,0.54,85.52
NKE,2024-12-19 16:00:00-05:00,0.63,0.78,23.3
NKE,2024-10-01 16:00:00-04:00,0.52,0.7,34.9
NKE,2024-06-27 16:00:00-04:00,0.83,0.99,19.3
NKE,2024-03-21 16:00:00-04:00,0.76,0.98,29.73
NKE,2023-12-21 16:00:00-05:00,0.85,1.03,20.98
NKE,2023-09-28 16:00:00-04:00,0.76,0.94,24.06
NKE,2023-06-29 16:00:00-04:00,0.68,0.66,-2.29
NKE,2023-03-21 16:00:00-04:00,0.54,0.79,46.31
NKE,2022-12-20 16:00:00-05:00,0.66,0.85,29.23
NKE,2022-09-29 16:00:00-04:00,0.92,0.93,0.96
NKE,2022-06-27 16:00:00-04:00,0.81,0.9,10.99
NKE,2022-03-21 16:00:00-04:00,0.72,0.87,21.41
NKE,2021-12-20 16:00:00-05:00,0.63,0.83,31.97
NKE,2021-09-23 16:00:00-04:00,1.12,1.16,3.3
NKE,2021-06-24 16:00:00-04:00,0.51,0.93,83.69
NKE,2021-03-18 16:00:00-04:00,0.75,0.9,19.67
NKE,2020-12-18 16:00:00-05:00,0.62,0.78,25.29
SBUX,2026-10-28 16:00:00-04:00,0.7,,
SBUX,2026-07-29 16:00:00-04:00,0.65,0.85,30.79
SBUX,2026-04-28 16:00:00-04:00,0.44,0.5,14.51
SBUX,2026-01-28 07:00:00-05:00,0.59,0.56,-4.59
SBUX,2025-10-29 16:00:00-04:00,0.56,0.52,-6.51
SBUX,2025-07-29 16:00:00-04:00,0.65,0.5,-22.49
SBUX,2025-04-29 16:00:00-04:00,0.48,0.41,-15.23
SBUX,2025-01-28 16:00:00-05:00,0.67,0.69,3.46
SBUX,2024-10-30 16:00:00-04:00,0.89,0.8,-10.61
SBUX,2024-07-30 16:00:00-04:00,0.93,0.93,-0.12
SBUX,2024-04-30 16:00:00-04:00,0.8,0.68,-15.19
SBUX,2024-01-30 16:00:00-05:00,0.94,0.9,-4.1
SBUX,2023-11-02 06:00:00-04:00,0.97,1.06,9.06
SBUX,2023-08-01 16:00:00-04:00,0.95,1.0,5.09
SBUX,2023-05-02 16:00:00-04:00,0.65,0.74,13.12
SBUX,2023-02-02 16:00:00-05:00,0.77,0.75,-2.57
SBUX,2022-11-03 16:00:00-04:00,0.72,0.81,12.49
SBUX,2022-08-02 16:00:00-04:00,0.76,0.84,11.13
SBUX,2022-05-03 16:00:00-04:00,0.6,0.59,-1.02
SBUX,2022-02-01 16:00:00-05:00,0.8,0.72,-9.45
SBUX,2021-10-28 16:00:00-04:00,1.0,1.0,0.45
SBUX,2021-07-27 16:00:00-04:00,0.78,1.01,29.49
SBUX,2021-04-27 16:00:00-04:00,0.53,0.62,16.61
SBUX,2021-01-26 16:00:00-05:00,0.55,0.61,10.28
SBUX,2020-10-29 16:00:00-04:00,0.31,0.51,63.68
MCD,2026-11-04 07:00:00-05:00,3.38,,
MCD,2026-08-04 07:00:00-04:00,3.32,3.38,1.77
MCD,2026-05-07 07:00:00-04:00,2.74,2.83,3.11
MCD,2026-02-11 16:00:00-05:00,3.05,3.12,2.22
MCD,2025-11-05 07:00:00-05:00,3.33,3.22,-3.36
MCD,2025-08-06 07:00:00-04:00,3.15,3.19,1.39
MCD,2025-05-01 07:00:00-04:00,2.67,2.67,-0.02
MCD,2025-02-10 07:00:00-05:00,2.86,2.83,-0.97
MCD,2024-10-29 07:00:00-04:00,3.2,3.23,0.88
MCD,2024-07-29 07:00:00-04:00,3.07,2.97,-3.18
MCD,2024-04-30 07:00:00-04:00,2.73,2.7,-0.95
MCD,2024-02-05 07:00:00-05:00,2.83,2.95,4.39
MCD,2023-10-30 07:00:00-04:00,2.99,3.19,6.52
MCD,2023-07-27 07:00:00-04:00,2.79,3.17,13.66
MCD,2023-04-25 07:00:00-04:00,2.34,2.63,12.55
MCD,2023-01-31 07:00:00-05:00,2.46,2.59,5.25
MCD,2022-10-27 07:00:00-04:00,2.58,2.68,3.92
MCD,2022-07-26 07:00:00-04:00,2.47,2.55,3.39
MCD,2022-04-28 07:00:00-04:00,2.18,2.28,4.67
MCD,2022-01-27 07:00:00-05:00,2.34,2.23,-4.8
MCD,2021-10-27 07:00:00-04:00,2.47,2.76,11.93
MCD,2021-07-28 07:00:00-04:00,2.12,2.37,11.81
MCD,2021-04-29 07:00:00-04:00,1.82,1.92,5.35
MCD,2021-01-28 07:00:00-05:00,1.78,1.7,-4.55
MCD,2020-11-09 06:00:00-05:00,1.9,2.22,16.85
BKNG,2026-11-03 15:00:00-05:00,4.5,,
BKNG,2026-08-04 16:00:00-04:00,2.43,2.54,4.49
BKNG,2026-04-28 16:00:00-04:00,1.08,1.14,5.67
BKNG,2026-02-18 16:00:00-05:00,1.95,1.95,0.27
BKNG,2025-10-28 16:00:00-04:00,3.84,3.98,3.73
BKNG,2025-07-29 16:00:00-04:00,2.02,2.22,9.93
BKNG,2025-04-29 16:00:00-04:00,0.7,0.99,41.23
BKNG,2025-02-20 16:00:00-05:00,1.44,1.66,15.12
BKNG,2024-10-30 16:00:00-04:00,3.1,3.36,8.42
BKNG,2024-08-01 17:00:00-04:00,1.55,1.68,8.28
BKNG,2024-05-02 16:00:00-04:00,0.57,0.82,44.24
BKNG,2024-02-22 16:00:00-05:00,1.2,1.28,6.48
BKNG,2023-11-02 16:00:00-04:00,2.72,2.89,6.49
BKNG,2023-08-03 16:00:00-04:00,1.17,1.5,29.01
BKNG,2023-05-04 16:00:00-04:00,0.43,0.46,8.0
BKNG,2023-02-23 16:00:00-05:00,0.88,0.99,11.83
BKNG,2022-11-02 16:00:00-04:00,1.99,2.12,6.38
BKNG,2022-08-03 16:00:00-04:00,0.71,0.76,7.99
BKNG,2022-05-04 16:00:00-04:00,0.05,0.16,193.84
BKNG,2022-02-23 16:00:00-05:00,0.54,0.63,17.08
BKNG,2021-11-03 16:00:00-04:00,1.32,1.51,14.14
BKNG,2021-08-04 16:00:00-04:00,-0.09,-0.1,-18.34
BKNG,2021-05-05 16:00:00-04:00,-0.24,-0.21,13.87
BKNG,2021-02-24 16:00:00-05:00,-0.17,-0.02,86.5
BKNG,2020-11-05 17:00:00-05:00,0.57,0.49,-13.83
CMG,2026-10-28 16:00:00-04:00,0.29,,
CMG,2026-07-29 16:00:00-04:00,0.32,0.33,3.96
CMG,2026-04-29 16:00:00-04:00,0.24,0.24,1.4
CMG,2026-02-03 16:00:00-05:00,0.24,0.25,4.89
CMG,2025-10-29 16:00:00-04:00,0.29,0.29,0.87
CMG,2025-07-23 16:00:00-04:00,0.33,0.33,1.26
CMG,2025-04-23 16:00:00-04:00,0.28,0.29,4.72
CMG,2025-02-04 16:00:00-05:00,0.25,0.25,1.45
CMG,2024-10-29 16:00:00-04:00,0.25,0.27,6.57
CMG,2024-07-24 16:00:00-04:00,0.32,0.34,7.04
CMG,2024-04-24 16:00:00-04:00,0.23,0.27,14.5
CMG,2024-02-06 16:00:00-05:00,0.19,0.21,6.52
CMG,2023-10-26 16:00:00-04:00,0.21,0.23,6.86
CMG,2023-07-26 16:00:00-04:00,0.25,0.25,2.98
CMG,2023-04-25 16:00:00-04:00,0.18,0.21,17.28
CMG,2023-02-07 16:00:00-05:00,0.18,0.17,-6.75
CMG,2022-10-25 16:00:00-04:00,0.18,0.19,3.48
CMG,2022-07-26 16:00:00-04:00,0.18,0.19,2.84
CMG,2022-04-26 16:00:00-04:00,0.11,0.11,1.14
CMG,2022-02-08 16:00:00-05:00,0.11,0.11,5.43
CMG,2021-10-21 16:00:00-04:00,0.13,0.14,10.97
CMG,2021-07-20 16:00:00-04:00,0.13,0.15,14.64
CMG,2021-04-21 16:00:00-04:00,0.1,0.11,9.25
CMG,2021-02-02 16:00:00-05:00,0.07,0.07,-6.7
CMG,2020-10-21 16:00:00-04:00,0.07,0.08,9.03
ABNB,2026-11-05 15:00:00-05:00,2.85,,
ABNB,2026-08-06 16:00:00-04:00,1.25,1.37,9.48
ABNB,2026-05-07 16:00:00-04:00,0.3,0.26,-14.13
ABNB,2026-02-12 16:00:00-05:00,0.66,0.56,-15.65
ABNB,2025-11-06 16:00:00-05:00,2.32,2.21,-4.76
ABNB,2025-08-06 16:00:00-04:00,0.94,1.03,9.41
ABNB,2025-05-01 16:00:00-04:00,0.24,0.24,
ABNB,2025-02-13 16:00:00-05:00,0.58,0.73,25.14
ABNB,2024-11-07 16:00:00-05:00,2.13,2.13,-0.23
ABNB,2024-08-06 16:00:00-04:00,0.91,0.86,-5.66
ABNB,2024-05-08 16:00:00-04:00,0.23,0.41,77.09
ABNB,2024-02-13 16:00:00-05:00,0.7,-0.55,-178.56
ABNB,2023-11-01 16:00:00-04:00,2.1,6.63,215.68
ABNB,2023-08-03 16:00:00-04:00,0.78,0.98,26.19
ABNB,2023-05-09 16:00:00-04:00,0.15,0.18,16.86
ABNB,2023-02-14 16:00:00-05:00,0.27,0.48,79.76
ABNB,2022-11-01 16:00:00-04:00,1.5,1.79,19.42
ABNB,2022-08-02 16:00:00-04:00,0.43,0.56,30.53
ABNB,2022-05-03 16:00:00-04:00,-0.3,-0.03,89.99
ABNB,2022-02-15 16:00:00-05:00,-0.03,0.08,416.84
ABNB,2021-11-04 16:00:00-04:00,0.83,1.23,48.83
ABNB,2021-08-12 16:00:00-04:00,-0.27,-0.11,59.16
ABNB,2021-05-14 17:00:00-04:00,-1.16,-1.95,-67.99
ABNB,2021-02-26 16:00:00-05:00,-2.78,-10.81,-288.43
ORLY,2026-10-28 16:00:00-04:00,0.93,,
ORLY,2026-07-29 16:00:00-04:00,0.86,0.86,0.17
ORLY,2026-04-29 16:00:00-04:00,0.7,0.72,3.35
ORLY,2026-02-04 16:00:00-05:00,0.72,0.71,-2.06
ORLY,2025-10-22 16:00:00-04:00,0.83,0.85,2.37
ORLY,2025-07-23 16:00:00-04:00,0.78,0.78,-0.28
ORLY,2025-04-23 16:00:00-04:00,0.66,0.62,-5.25
ORLY,2025-02-05 16:00:00-05:00,0.65,0.63,-2.69
ORLY,2024-10-23 16:00:00-04:00,0.77,0.76,-1.16
ORLY,2024-07-24 16:00:00-04:00,0.73,0.7,-4.05
ORLY,2024-04-24 16:00:00-04:00,0.62,0.61,-0.94
ORLY,2024-02-07 16:00:00-05:00,0.61,0.62,0.46
ORLY,2023-10-25 16:00:00-04:00,0.69,0.71,3.13
ORLY,2023-07-26 16:00:00-04:00,0.67,0.68,1.29
ORLY,2023-04-26 16:00:00-04:00,0.54,0.55,3.12
ORLY,2023-02-08 16:00:00-05:00,0.52,0.56,8.23
ORLY,2022-10-26 16:00:00-04:00,0.57,0.61,7.77
ORLY,2022-07-27 16:00:00-04:00,0.6,0.59,-2.37
ORLY,2022-04-27 16:00:00-04:00,0.5,0.48,-3.75
ORLY,2022-02-09 16:00:00-05:00,0.4,0.51,26.93
ORLY,2021-10-27 16:00:00-04:00,0.48,0.54,11.86
ORLY,2021-07-28 16:00:00-04:00,0.5,0.56,11.01
ORLY,2021-04-28 16:00:00-04:00,0.36,0.47,29.87
ORLY,2021-02-10 16:00:00-05:00,0.34,0.36,5.23
ORLY,2020-10-28 16:00:00-04:00,0.43,0.47,10.09
ROST,2026-11-19 15:00:00-05:00,1.42,,
ROST,2026-08-20 16:00:00-04:00,1.95,2.66,36.74
ROST,2026-05-21 16:00:00-04:00,1.73,2.02,16.67
ROST,2026-03-03 16:00:00-05:00,1.9,2.0,5.13
ROST,2025-11-20 16:00:00-05:00,1.42,1.58,11.4
ROST,2025-08-21 16:00:00-04:00,1.54,1.56,1.41
ROST,2025-05-22 16:00:00-04:00,1.43,1.47,2.55
ROST,2025-03-04 16:00:00-05:00,1.66,1.65,-0.39
ROST,2024-11-21 16:00:00-05:00,1.4,1.48,5.57
ROST,2024-08-22 16:00:00-04:00,1.49,1.59,6.81
ROST,2024-05-23 16:00:00-04:00,1.35,1.46,8.47
ROST,2024-03-05 16:00:00-05:00,1.65,1.82,10.12
ROST,2023-11-16 16:00:00-05:00,1.22,1.33,8.87
ROST,2023-08-17 16:00:00-04:00,1.16,1.32,13.46
ROST,2023-05-18 16:00:00-04:00,1.05,1.09,3.47
ROST,2023-02-28 16:00:00-05:00,1.23,1.31,6.25
ROST,2022-11-17 16:00:00-05:00,0.81,1.0,23.49
ROST,2022-08-18 16:00:00-04:00,1.0,1.11,11.15
ROST,2022-05-19 16:00:00-04:00,1.0,0.97,-3.0
ROST,2022-03-01 16:00:00-05:00,0.96,1.04,7.94
ROST,2021-11-18 16:00:00-05:00,0.77,1.09,41.56
ROST,2021-08-19 16:00:00-04:00,1.02,1.39,36.39
ROST,2021-05-20 16:00:00-04:00,0.89,1.34,51.09
ROST,2021-03-02 16:00:00-05:00,1.01,0.67,-33.98
ROST,2020-11-19 16:00:00-05:00,0.6,1.02,71.3
UBER,2026-11-04 07:00:00-05:00,0.91,,
UBER,2026-08-05 06:00:00-04:00,0.83,1.17,40.22
UBER,2026-05-06 06:00:00-04:00,0.71,0.13,-81.74
UBER,2026-02-04 06:00:00-05:00,0.78,0.14,-81.94
UBER,2025-11-04 06:00:00-05:00,0.69,3.11,353.17
UBER,2025-08-06 06:00:00-04:00,0.82,0.65,-19.72
UBER,2025-05-07 06:00:00-04:00,0.69,0.81,16.5
UBER,2025-02-05 06:00:00-05:00,0.48,3.21,573.42
UBER,2024-10-31 06:00:00-04:00,0.63,1.41,125.2
UBER,2024-08-06 06:00:00-04:00,0.52,0.74,41.51
UBER,2024-05-08 06:00:00-04:00,0.39,0.18,-54.55
UBER,2024-02-07 06:00:00-05:00,0.4,0.86,115.9
UBER,2023-11-07 06:00:00-05:00,0.31,0.34,9.66
UBER,2023-07-31 20:00:00-04:00,0.23,0.34,47.4
UBER,2023-05-02 06:00:00-04:00,0.15,0.33,111.86
UBER,2023-02-08 06:00:00-05:00,-0.16,0.29,286.66
UBER,2022-11-01 06:00:00-04:00,0.06,-0.21,-468.22
UBER,2022-08-02 07:00:00-04:00,-0.05,-0.03,42.31
UBER,2022-05-04 07:00:00-04:00,-0.14,-0.1,31.87
UBER,2022-02-09 16:00:00-05:00,-0.29,0.64,320.41
UBER,2021-11-04 16:00:00-04:00,-0.3,-1.28,-328.67
UBER,2021-08-04 16:00:00-04:00,-0.32,-0.17,47.75
UBER,2021-05-05 16:00:00-04:00,-0.35,0.45,231.01
UBER,2021-02-10 16:00:00-05:00,-0.42,-0.4,3.74
UBER,2020-11-05 16:00:00-05:00,-0.5,-0.43,12.63
TTWO,2026-11-09 07:00:00-05:00,-0.88,,
TTWO,2026-08-07 07:00:00-04:00,-0.21,-0.18,13.9
TTWO,2026-05-21 16:00:00-04:00,0.56,0.8,43.47
TTWO,2026-02-03 16:00:00-05:00,0.83,1.23,47.51
TTWO,2025-11-06 16:00:00-05:00,0.93,1.46,56.48
TTWO,2025-08-07 16:00:00-04:00,0.27,0.61,128.1
TTWO,2025-05-15 16:00:00-04:00,1.09,1.3,18.88
TTWO,2025-02-06 16:00:00-05:00,-0.9,-0.71,21.08
TTWO,2024-11-06 16:00:00-05:00,-2.11,-2.08,1.58
TTWO,2024-08-08 16:00:00-04:00,-1.37,-1.52,-11.17
TTWO,2024-05-16 16:00:00-04:00,-0.98,-17.02,-1643.19
TTWO,2024-02-08 16:00:00-05:00,-0.72,-0.54,25.26
TTWO,2023-11-08 16:00:00-05:00,1.03,1.42,37.58
TTWO,2023-08-08 16:00:00-04:00,-1.07,-1.22,-13.66
TTWO,2023-05-17 16:00:00-04:00,-1.25,-3.62,-190.49
TTWO,2023-02-06 16:00:00-05:00,-0.84,-0.91,-7.76
TTWO,2022-11-07 16:00:00-05:00,1.38,1.32,-4.91
TTWO,2022-08-08 16:00:00-04:00,0.87,0.74,-15.44
TTWO,2022-05-16 16:00:00-04:00,0.62,0.95,53.45
TTWO,2022-02-07 16:00:00-05:00,1.18,1.32,11.49
TTWO,2021-11-03 16:00:00-04:00,1.38,1.63,18.58
TTWO,2021-08-02 16:00:00-04:00,0.9,1.01,13.24
TTWO,2021-05-18 16:00:00-04:00,0.68,1.43,111.17
TTWO,2021-02-08 16:00:00-05:00,0.96,1.25,29.59
TTWO,2020-11-05 16:00:00-05:00,1.52,2.01,32.33
GOOGL,2026-10-28 16:00:00-04:00,3.03,,
GOOGL,2026-07-22 16:00:00-04:00,2.9,9.11,214.23
GOOGL,2026-04-29 16:00:00-04:00,2.67,5.11,91.59
GOOGL,2026-02-04 16:00:00-05:00,2.64,2.82,7.01
GOOGL,2025-10-29 16:00:00-04:00,2.26,2.87,26.88
GOOGL,2025-07-23 16:00:00-04:00,2.19,2.31,5.67
GOOGL,2025-04-24 16:00:00-04:00,2.01,2.81,39.84
GOOGL,2025-02-04 16:00:00-05:00,2.13,2.15,1.18
GOOGL,2024-10-29 16:00:00-04:00,1.85,2.12,14.83
GOOGL,2024-07-23 16:00:00-04:00,1.84,1.89,2.54
GOOGL,2024-04-25 16:00:00-04:00,1.51,1.89,25.58
GOOGL,2024-01-30 16:00:00-05:00,1.6,1.64,2.75
GOOGL,2023-10-24 16:00:00-04:00,1.45,1.55,7.05
GOOGL,2023-07-25 16:00:00-04:00,1.34,1.44,7.29
GOOGL,2023-04-25 16:00:00-04:00,1.07,1.17,9.45
GOOGL,2023-02-02 16:00:00-05:00,1.2,1.05,-12.33
GOOGL,2022-10-25 16:00:00-04:00,1.26,1.06,-16.01
GOOGL,2022-07-26 16:00:00-04:00,1.29,1.21,-6.05
GOOGL,2022-04-26 16:00:00-04:00,1.28,1.23,-3.67
GOOGL,2022-02-01 16:00:00-05:00,1.36,1.53,12.65
GOOGL,2021-10-26 16:00:00-04:00,1.16,1.4,20.44
GOOGL,2021-07-27 16:00:00-04:00,0.96,1.36,42.7
GOOGL,2021-04-27 16:00:00-04:00,0.78,1.31,67.76
GOOGL,2021-02-02 16:00:00-05:00,0.79,1.12,41.85
GOOGL,2020-10-29 16:00:00-04:00,0.56,0.82,46.24
META,2026-10-28 16:00:00-04:00,6.25,,
META,2026-07-29 16:00:00-04:00,7.22,6.18,-14.42
META,2026-04-29 16:00:00-04:00,6.82,7.31,7.2
META,2026-01-28 16:00:00-05:00,8.22,8.88,8.0
META,2025-10-29 16:00:00-04:00,6.67,7.25,8.66
META,2025-07-30 16:00:00-04:00,5.86,7.14,21.82
META,2025-04-30 16:00:00-04:00,5.21,6.43,23.53
META,2025-01-29 16:00:00-05:00,6.74,8.02,19.0
META,2024-10-30 16:00:00-04:00,5.3,6.03,13.86
META,2024-07-31 16:00:00-04:00,4.76,5.16,8.45
META,2024-04-24 16:00:00-04:00,4.36,4.71,8.11
META,2024-02-01 16:00:00-05:00,4.94,5.33,7.88
META,2023-10-25 16:00:00-04:00,3.6,4.39,21.96
META,2023-07-26 16:00:00-04:00,2.91,2.98,2.51
META,2023-04-26 16:00:00-04:00,1.98,2.2,11.2
META,2023-02-01 16:00:00-05:00,2.24,1.76,-21.53
META,2022-10-26 16:00:00-04:00,1.85,1.64,-11.32
META,2022-07-27 16:00:00-04:00,2.55,2.46,-3.56
META,2022-04-27 16:00:00-04:00,2.53,2.72,7.57
META,2022-02-02 16:00:00-05:00,3.83,3.67,-4.06
META,2021-10-25 16:00:00-04:00,3.17,3.22,1.52
META,2021-07-28 16:00:00-04:00,3.06,3.61,17.94
META,2021-04-28 16:00:00-04:00,2.35,3.3,40.65
META,2021-01-27 16:00:00-05:00,3.24,3.88,19.91
META,2020-10-29 16:00:00-04:00,1.91,2.4,25.57
NFLX,2026-10-20 16:00:00-04:00,0.82,,
NFLX,2026-07-16 16:00:00-04:00,0.79,0.8,1.45
NFLX,2026-04-16 16:00:00-04:00,1.32,1.23,-6.93
NFLX,2026-01-20 16:00:00-05:00,0.55,0.56,1.43
NFLX,2025-10-21 16:00:00-04:00,0.7,0.59,-15.79
NFLX,2025-07-17 16:00:00-04:00,0.71,0.72,1.95
NFLX,2025-04-17 16:00:00-04:00,0.57,0.66,16.37
NFLX,2025-01-21 16:00:00-05:00,0.42,0.43,1.78
NFLX,2024-10-17 16:00:00-04:00,0.51,0.54,5.32
NFLX,2024-07-18 16:00:00-04:00,0.48,0.49,2.47
NFLX,2024-04-18 16:00:00-04:00,0.45,0.53,16.66
NFLX,2024-01-23 16:00:00-05:00,0.22,0.21,-4.8
NFLX,2023-10-18 16:00:00-04:00,0.35,0.37,6.74
NFLX,2023-07-19 16:00:00-04:00,0.29,0.33,15.36
NFLX,2023-04-18 16:00:00-04:00,0.29,0.29,0.46
NFLX,2023-01-19 16:00:00-05:00,0.05,0.01,-75.18
NFLX,2022-10-18 16:00:00-04:00,0.21,0.31,45.21
NFLX,2022-07-19 16:00:00-04:00,0.29,0.32,8.75
NFLX,2022-04-19 16:00:00-04:00,0.29,0.35,20.97
NFLX,2022-01-20 16:00:00-05:00,0.08,0.13,61.49
NFLX,2021-10-19 16:00:00-04:00,0.26,0.32,24.49
NFLX,2021-07-20 16:00:00-04:00,0.32,0.3,-5.91
NFLX,2021-04-20 16:00:00-04:00,0.3,0.38,25.48
NFLX,2021-01-19 16:00:00-05:00,0.14,0.12,-15.07
NFLX,2020-10-20 17:00:00-04:00,0.21,0.17,-18.71
DIS,2026-11-12 07:00:00-05:00,1.69,,
DIS,2026-08-05 06:00:00-04:00,1.85,2.06,11.09
DIS,2026-05-06 06:00:00-04:00,1.5,1.57,4.98
DIS,2026-02-02 06:00:00-05:00,1.58,1.63,3.44
DIS,2025-11-13 06:00:00-05:00,1.02,1.11,8.42
DIS,2025-08-06 06:00:00-04:00,1.45,1.61,11.3
DIS,2025-05-07 06:00:00-04:00,1.21,1.45,19.79
DIS,2025-02-05 06:00:00-05:00,1.43,1.76,22.94
DIS,2024-11-14 06:00:00-05:00,1.11,1.14,2.75
DIS,2024-08-07 06:00:00-04:00,1.19,1.39,16.38
DIS,2024-05-07 06:00:00-04:00,1.1,1.21,9.8
DIS,2024-02-07 16:00:00-05:00,1.03,1.22,18.24
DIS,2023-11-08 16:00:00-05:00,0.71,0.82,15.11
DIS,2023-08-09 16:00:00-04:00,0.98,1.04,6.77
DIS,2023-05-10 16:00:00-04:00,0.94,0.93,-0.91
DIS,2023-02-08 16:00:00-05:00,0.79,0.99,25.97
DIS,2022-11-08 16:00:00-05:00,0.56,0.3,-46.87
DIS,2022-08-10 16:00:00-04:00,0.99,1.09,9.99
DIS,2022-05-11 16:00:00-04:00,1.19,1.08,-9.15
DIS,2022-02-09 16:00:00-05:00,0.62,1.06,71.97
DIS,2021-11-10 16:00:00-05:00,0.5,0.38,-23.41
DIS,2021-08-12 16:00:00-04:00,0.55,0.8,45.48
DIS,2021-05-13 16:00:00-04:00,0.26,0.79,204.08
DIS,2021-02-11 16:00:00-05:00,-0.34,0.32,194.77
DIS,2020-11-12 16:00:00-05:00,-0.65,-0.2,69.3
CMCSA,2026-10-22 08:00:00-04:00,0.99,,
CMCSA,2026-07-23 06:00:00-04:00,0.97,1.04,7.62
CMCSA,2026-04-23 07:00:00-04:00,0.73,0.79,8.29
CMCSA,2026-01-29 07:00:00-05:00,0.76,0.84,10.76
CMCSA,2025-10-30 07:00:00-04:00,1.1,1.12,1.72
CMCSA,2025-07-31 07:00:00-04:00,1.18,1.25,5.87
CMCSA,2025-04-24 07:00:00-04:00,0.99,1.09,9.89
CMCSA,2025-01-30 07:00:00-05:00,0.86,0.96,11.38
CMCSA,2024-10-31 07:00:00-04:00,1.06,1.12,5.27
CMCSA,2024-07-23 07:00:00-04:00,1.12,1.21,8.22
CMCSA,2024-04-25 07:00:00-04:00,0.99,1.04,5.31
CMCSA,2024-01-25 07:00:00-05:00,0.79,0.84,6.35
CMCSA,2023-10-26 07:00:00-04:00,0.95,1.08,13.67
CMCSA,2023-07-27 07:00:00-04:00,0.98,1.13,15.51
CMCSA,2023-04-27 07:00:00-04:00,0.83,0.92,10.92
CMCSA,2023-01-26 07:00:00-05:00,0.78,0.82,5.62
CMCSA,2022-10-27 07:00:00-04:00,0.9,0.96,6.51
CMCSA,2022-07-28 07:00:00-04:00,0.92,1.01,10.3
CMCSA,2022-04-28 07:00:00-04:00,0.81,0.86,6.72
CMCSA,2022-01-27 07:00:00-05:00,0.74,0.77,4.67
CMCSA,2021-10-28 07:00:00-04:00,0.75,0.87,15.83
CMCSA,2021-07-29 07:00:00-04:00,0.67,0.84,26.08
CMCSA,2021-04-29 07:00:00-04:00,0.58,0.76,30.15
CMCSA,2021-01-28 07:00:00-05:00,0.48,0.56,16.12
CMCSA,2020-10-29 07:00:00-04:00,0.51,0.65,27.1
TMUS,2026-10-28 16:00:00-04:00,2.91,,
TMUS,2026-07-23 06:00:00-04:00,2.6,2.99,14.86
TMUS,2026-04-28 16:00:00-04:00,2.11,2.77,31.07
TMUS,2026-02-11 07:00:00-05:00,2.06,1.88,-8.92
TMUS,2025-10-23 06:00:00-04:00,2.57,2.77,7.71
TMUS,2025-07-23 16:00:00-04:00,2.68,2.85,6.07
TMUS,2025-04-24 16:00:00-04:00,2.47,2.58,4.51
TMUS,2025-01-29 07:00:00-05:00,2.38,2.59,8.88
TMUS,2024-10-23 16:00:00-04:00,2.42,2.61,7.64
TMUS,2024-07-31 07:00:00-04:00,2.27,2.49,9.58
TMUS,2024-04-25 16:00:00-04:00,1.86,2.0,7.46
TMUS,2024-01-25 16:00:00-05:00,1.96,1.83,-6.53
TMUS,2023-10-25 06:00:00-04:00,1.89,2.0,5.69
TMUS,2023-07-27 16:00:00-04:00,1.73,2.05,18.14
TMUS,2023-04-27 16:00:00-04:00,1.48,1.58,6.84
TMUS,2023-02-01 06:00:00-05:00,1.1,1.18,6.79
TMUS,2022-10-27 16:00:00-04:00,0.5,2.27,355.47
TMUS,2022-07-27 06:00:00-04:00,0.28,-0.09,-132.47
TMUS,2022-04-27 06:00:00-04:00,0.33,0.57,70.61
TMUS,2022-02-02 16:00:00-05:00,0.16,0.34,116.3
TMUS,2021-11-02 16:00:00-04:00,0.53,0.55,4.71
TMUS,2021-07-29 16:00:00-04:00,0.5,0.94,88.65
TMUS,2021-05-04 16:00:00-04:00,0.56,0.74,32.11
TMUS,2021-02-04 16:00:00-05:00,0.51,0.6,17.88
TMUS,2020-11-05 16:00:00-05:00,0.43,1.0,132.68
LLY,2026-10-29 08:00:00-04:00,9.95,,
LLY,2026-08-05 06:00:00-04:00,6.58,8.38,27.27
LLY,2026-04-30 06:00:00-04:00,6.79,8.55,25.9
LLY,2026-02-04 06:00:00-05:00,6.91,7.54,9.14
LLY,2025-10-30 06:00:00-04:00,5.89,7.02,19.15
LLY,2025-08-07 06:00:00-04:00,5.59,6.31,12.89
LLY,2025-05-01 06:00:00-04:00,3.46,3.34,-3.39
LLY,2025-02-06 06:00:00-05:00,5.07,5.32,5.0
LLY,2024-10-30 06:00:00-04:00,1.47,1.18,-19.52
LLY,2024-08-08 07:00:00-04:00,2.77,3.92,41.68
LLY,2024-04-30 06:00:00-04:00,2.49,2.58,3.67
LLY,2024-02-06 06:00:00-05:00,2.37,2.49,5.14
LLY,2023-11-02 06:00:00-04:00,-0.12,0.1,181.53
LLY,2023-08-08 06:00:00-04:00,1.99,2.11,5.92
LLY,2023-04-27 06:00:00-04:00,1.73,1.62,-6.33
LLY,2023-02-02 06:00:00-05:00,1.83,2.09,14.11
LLY,2022-11-01 06:00:00-04:00,1.94,1.98,2.07
LLY,2022-08-04 06:00:00-04:00,1.7,1.25,-26.31
LLY,2022-04-28 06:00:00-04:00,2.29,2.62,14.43
LLY,2022-02-03 06:00:00-05:00,2.51,2.49,-0.67
LLY,2021-10-26 06:00:00-04:00,1.96,1.94,-1.25
LLY,2021-08-03 06:00:00-04:00,1.89,1.87,-1.03
LLY,2021-04-27 06:00:00-04:00,2.1,1.87,-10.87
LLY,2021-01-29 06:00:00-05:00,2.39,2.75,15.06
LLY,2020-10-27 06:00:00-04:00,1.71,1.54,-10.03
UNH,2026-10-13 08:00:00-04:00,4.15,,
UNH,2026-07-16 06:00:00-04:00,4.92,6.38,29.8
UNH,2026-04-21 06:00:00-04:00,6.6,7.23,9.52
UNH,2026-01-27 05:00:00-05:00,2.11,2.11,0.19
UNH,2025-10-28 05:00:00-04:00,2.81,2.92,3.99
UNH,2025-07-29 05:00:00-04:00,4.45,4.08,-8.23
UNH,2025-04-17 05:00:00-04:00,7.29,7.2,-1.28
UNH,2025-01-16 06:00:00-05:00,6.74,6.81,1.08
UNH,2024-10-15 06:00:00-04:00,7.03,7.15,1.7
UNH,2024-07-16 06:00:00-04:00,6.63,6.8,2.49
UNH,2024-04-16 05:00:00-04:00,6.62,6.91,4.44
UNH,2024-01-12 05:00:00-05:00,5.99,6.16,2.89
UNH,2023-10-13 05:00:00-04:00,6.35,6.56,3.34
UNH,2023-07-14 05:00:00-04:00,5.98,6.14,2.68
UNH,2023-04-14 05:00:00-04:00,6.08,6.26,3.03
UNH,2023-01-13 05:00:00-05:00,5.17,5.34,3.22
UNH,2022-10-14 05:00:00-04:00,5.44,5.79,6.5
UNH,2022-07-15 05:00:00-04:00,5.21,5.57,6.94
UNH,2022-04-14 05:00:00-04:00,5.35,5.49,2.6
UNH,2022-01-19 05:00:00-05:00,4.31,4.48,3.96
UNH,2021-10-14 05:00:00-04:00,4.42,4.52,2.35
UNH,2021-07-15 05:00:00-04:00,4.46,4.7,5.37
UNH,2021-04-15 05:00:00-04:00,4.38,5.31,21.2
UNH,2021-01-20 05:00:00-05:00,2.41,2.52,4.53
UNH,2020-10-14 05:00:00-04:00,3.08,3.51,13.83
ISRG,2026-10-20 16:00:00-04:00,2.64,,
ISRG,2026-07-16 16:00:00-04:00,2.5,2.8,11.86
ISRG,2026-04-21 16:00:00-04:00,2.11,2.5,18.67
ISRG,2026-01-22 16:00:00-05:00,2.27,2.53,11.57
ISRG,2025-10-21 16:00:00-04:00,1.99,2.4,20.7
ISRG,2025-07-22 16:00:00-04:00,1.92,2.19,14.08
ISRG,2025-04-22 16:00:00-04:00,1.73,1.81,4.41
ISRG,2025-01-23 16:00:00-05:00,1.79,2.21,23.73
ISRG,2024-10-17 16:00:00-04:00,1.64,1.84,12.25
ISRG,2024-07-18 16:00:00-04:00,1.54,1.78,15.51
ISRG,2024-04-18 16:00:00-04:00,1.42,1.5,5.98
ISRG,2024-01-23 16:00:00-05:00,1.49,1.6,7.72
ISRG,2023-10-19 16:00:00-04:00,1.42,1.46,3.17
ISRG,2023-07-20 16:00:00-04:00,1.33,1.42,6.88
ISRG,2023-04-18 16:00:00-04:00,1.2,1.23,2.83
ISRG,2023-01-24 16:00:00-05:00,1.25,1.23,-1.89
ISRG,2022-10-18 16:00:00-04:00,1.12,1.19,6.39
ISRG,2022-07-21 16:00:00-04:00,1.2,1.14,-4.84
ISRG,2022-04-21 16:00:00-04:00,1.08,1.13,5.1
ISRG,2022-01-20 16:00:00-05:00,1.28,1.3,1.56
ISRG,2021-10-19 14:00:00-04:00,1.16,1.19,2.72
ISRG,2021-07-20 16:00:00-04:00,1.02,1.31,28.14
ISRG,2021-04-20 16:00:00-04:00,0.88,1.17,33.69
ISRG,2021-01-21 16:00:00-05:00,1.04,1.19,15.27
ISRG,2020-10-15 16:00:00-04:00,0.68,0.92,35.1
AMGN,2026-11-03 15:00:00-05:00,5.79,,
AMGN,2026-08-04 16:00:00-04:00,5.62,6.29,11.97
AMGN,2026-04-30 16:00:00-04:00,4.77,5.15,8.04
AMGN,2026-02-03 16:00:00-05:00,4.73,5.29,11.94
AMGN,2025-11-04 16:00:00-05:00,5.01,5.64,12.47
AMGN,2025-08-05 16:00:00-04:00,5.28,6.02,14.08
AMGN,2025-05-01 16:00:00-04:00,4.26,4.9,15.01
AMGN,2025-02-04 16:00:00-05:00,5.08,5.31,4.63
AMGN,2024-10-30 16:00:00-04:00,5.11,5.58,9.29
AMGN,2024-08-06 16:00:00-04:00,5.0,4.97,-0.62
AMGN,2024-05-02 16:00:00-04:00,3.89,3.96,1.83
AMGN,2024-02-06 16:00:00-05:00,4.59,4.71,2.58
AMGN,2023-10-31 07:00:00-04:00,4.68,4.96,5.9
AMGN,2023-08-03 16:00:00-04:00,4.49,5.0,11.27
AMGN,2023-04-27 16:00:00-04:00,3.85,3.98,3.27
AMGN,2023-01-31 16:00:00-05:00,4.09,4.09,-0.03
AMGN,2022-11-03 16:00:00-04:00,4.45,4.7,5.61
AMGN,2022-08-04 16:00:00-04:00,4.33,4.65,7.28
AMGN,2022-04-27 12:00:00-04:00,4.12,4.25,3.12
AMGN,2022-02-07 16:00:00-05:00,4.04,4.36,8.03
AMGN,2021-11-02 16:00:00-04:00,4.22,4.67,10.65
AMGN,2021-08-03 16:00:00-04:00,4.01,4.38,9.2
AMGN,2021-04-27 16:00:00-04:00,4.04,3.7,-8.46
AMGN,2021-02-02 16:00:00-05:00,3.35,3.81,13.85
AMGN,2020-10-28 16:00:00-04:00,3.75,4.37,16.41
GILD,2026-10-29 16:00:00-04:00,2.15,,
GILD,2026-08-04 16:00:00-04:00,-7.25,-6.75,6.86
GILD,2026-05-07 16:00:00-04:00,1.91,2.03,6.24
GILD,2026-02-10 16:00:00-05:00,1.81,1.86,2.82
GILD,2025-10-30 16:00:00-04:00,2.14,2.47,15.68
GILD,2025-08-07 16:00:00-04:00,1.96,2.01,2.72
GILD,2025-04-24 16:00:00-04:00,1.78,1.81,1.94
GILD,2025-02-11 16:00:00-05:00,1.7,1.9,11.73
GILD,2024-11-06 16:00:00-05:00,1.55,2.02,30.48
GILD,2024-08-08 16:00:00-04:00,1.6,2.01,25.74
GILD,2024-04-25 16:00:00-04:00,-1.52,-1.32,13.11
GILD,2024-02-06 16:00:00-05:00,1.76,1.72,-2.34
GILD,2023-11-07 16:00:00-05:00,1.92,2.29,19.56
GILD,2023-08-03 16:00:00-04:00,1.64,1.34,-18.25
GILD,2023-04-27 16:00:00-04:00,1.54,1.37,-10.84
GILD,2023-02-02 16:00:00-05:00,1.51,1.67,10.87
GILD,2022-10-27 16:00:00-04:00,1.43,1.9,32.88
GILD,2022-08-02 16:00:00-04:00,1.52,1.58,3.91
GILD,2022-04-28 16:00:00-04:00,1.81,2.12,17.24
GILD,2022-02-01 16:00:00-05:00,1.59,0.69,-56.64
GILD,2021-10-28 16:00:00-04:00,1.78,2.65,48.72
GILD,2021-07-29 16:00:00-04:00,1.75,1.87,7.06
GILD,2021-04-29 16:00:00-04:00,2.11,2.08,-1.52
GILD,2021-02-04 16:00:00-05:00,2.15,2.19,1.97
GILD,2020-10-28 16:00:00-04:00,1.89,2.11,11.88
VRTX,2026-11-02 15:00:00-05:00,-1.22,,
VRTX,2026-08-03 16:00:00-04:00,4.75,4.73,-0.32
VRTX,2026-05-04 16:00:00-04:00,4.31,4.47,3.81
VRTX,2026-02-12 16:00:00-05:00,5.15,5.03,-2.3
VRTX,2025-11-03 16:00:00-05:00,4.58,4.8,4.87
VRTX,2025-08-04 16:00:00-04:00,4.25,4.52,6.33
VRTX,2025-05-05 16:00:00-04:00,4.29,4.06,-5.44
VRTX,2025-02-10 16:00:00-05:00,4.02,3.98,-1.0
VRTX,2024-11-04 16:00:00-05:00,4.13,4.38,5.96
VRTX,2024-08-01 16:00:00-04:00,-11.75,-12.83,-9.17
VRTX,2024-05-06 16:00:00-04:00,4.06,4.76,17.28
VRTX,2024-02-05 16:00:00-05:00,4.09,4.2,2.78
VRTX,2023-11-06 16:00:00-05:00,3.97,4.08,2.74
VRTX,2023-08-01 16:00:00-04:00,3.88,3.89,0.15
VRTX,2023-05-01 16:00:00-04:00,3.0,3.05,1.55
VRTX,2023-02-07 16:00:00-05:00,3.51,3.76,7.05
VRTX,2022-10-27 16:00:00-04:00,3.64,4.01,10.07
VRTX,2022-08-04 16:00:00-04:00,3.5,3.6,2.78
VRTX,2022-05-05 16:00:00-04:00,3.54,3.52,-0.43
VRTX,2022-01-26 16:00:00-05:00,3.29,3.37,2.45
VRTX,2021-11-02 16:00:00-04:00,3.07,3.56,15.85
VRTX,2021-07-29 16:00:00-04:00,2.38,3.11,30.67
VRTX,2021-04-29 16:00:00-04:00,2.69,2.98,10.81
VRTX,2021-02-01 16:00:00-05:00,2.55,2.51,-1.62
VRTX,2020-10-29 16:00:00-04:00,2.33,2.64,13.34
REGN,2026-10-30 08:00:00-04:00,16.02,,
REGN,2026-07-30 06:00:00-04:00,10.21,14.29,39.99
REGN,2026-04-29 06:00:00-04:00,8.9,9.47,6.38
REGN,2026-01-30 06:00:00-05:00,10.75,11.44,6.38
REGN,2025-10-28 06:00:00-04:00,9.64,11.83,22.66
REGN,2025-08-01 06:00:00-04:00,8.44,12.89,52.72
REGN,2025-04-29 06:00:00-04:00,8.48,8.22,-3.03
REGN,2025-02-04 06:00:00-05:00,11.19,12.07,7.82
REGN,2024-10-31 06:00:00-04:00,11.7,12.46,6.54
REGN,2024-08-01 06:00:00-04:00,10.62,11.56,8.83
REGN,2024-05-02 06:00:00-04:00,10.1,9.55,-5.41
REGN,2024-02-02 06:00:00-05:00,10.75,11.86,10.37
REGN,2023-11-02 06:00:00-04:00,10.78,11.59,7.56
REGN,2023-08-03 06:00:00-04:00,9.9,10.24,3.47
REGN,2023-05-04 06:00:00-04:00,9.56,10.09,5.55
REGN,2023-02-03 06:00:00-05:00,10.01,12.56,25.48
REGN,2022-11-03 06:00:00-04:00,9.48,11.14,17.56
REGN,2022-08-03 06:00:00-04:00,8.76,9.77,11.55
REGN,2022-05-04 06:00:00-04:00,9.8,11.49,17.28
REGN,2022-02-04 06:00:00-05:00,20.3,23.72,16.85
REGN,2021-11-04 06:00:00-04:00,9.94,15.37,54.65
REGN,2021-08-05 06:00:00-04:00,17.71,25.8,45.67
REGN,2021-05-06 06:00:00-04:00,8.68,9.89,13.99
REGN,2021-02-05 06:00:00-05:00,8.29,9.53,15.02
REGN,2020-11-05 06:00:00-05:00,6.99,8.36,19.64
MDT,2026-11-17 07:00:00-05:00,1.33,,
MDT,2026-09-01 06:00:00-04:00,1.39,1.45,4.51
MDT,2026-06-03 06:00:00-04:00,1.54,1.55,0.56
MDT,2026-02-17 06:00:00-05:00,1.34,1.36,1.86
MDT,2025-11-18 06:00:00-05:00,1.31,1.36,3.49
MDT,2025-08-19 06:00:00-04:00,1.23,1.26,2.54
MDT,2025-05-21 06:00:00-04:00,1.58,1.62,2.69
MDT,2025-02-18 06:00:00-05:00,1.36,1.39,2.24
MDT,2024-11-19 06:00:00-05:00,1.25,1.26,0.85
MDT,2024-08-20 06:00:00-04:00,1.2,1.23,2.65
MDT,2024-05-23 06:00:00-04:00,1.45,1.46,0.7
MDT,2024-02-20 06:00:00-05:00,1.26,1.3,3.06
MDT,2023-11-21 06:00:00-05:00,1.18,1.25,5.82
MDT,2023-08-22 06:00:00-04:00,1.11,1.2,8.18
MDT,2023-05-25 06:00:00-04:00,1.55,1.57,1.01
MDT,2023-02-21 06:00:00-05:00,1.27,1.3,2.4
MDT,2022-11-22 06:00:00-05:00,1.28,1.3,1.79
MDT,2022-08-23 06:00:00-04:00,1.12,1.13,1.02
MDT,2022-05-26 06:00:00-04:00,1.56,1.52,-2.82
MDT,2022-02-22 06:00:00-05:00,1.37,1.37,0.2
MDT,2021-11-23 06:00:00-05:00,1.29,1.32,2.39
MDT,2021-08-24 06:00:00-04:00,1.32,1.41,6.71
MDT,2021-05-27 06:00:00-04:00,1.42,1.5,5.34
MDT,2021-02-23 06:00:00-05:00,1.15,1.29,12.4
MDT,2020-11-24 06:00:00-05:00,0.8,1.02,27.5
SYK,2026-10-29 16:00:00-04:00,3.56,,
SYK,2026-07-30 16:00:00-04:00,3.49,3.69,5.79
SYK,2026-04-30 16:00:00-04:00,2.98,2.6,-12.86
SYK,2026-01-29 16:00:00-05:00,4.4,4.47,1.7
SYK,2025-10-30 16:00:00-04:00,3.13,3.19,1.87
SYK,2025-07-31 16:00:00-04:00,3.07,3.13,1.95
SYK,2025-05-01 16:00:00-04:00,2.73,2.84,4.01
SYK,2025-01-28 16:00:00-05:00,3.87,4.01,3.49
SYK,2024-10-29 16:00:00-04:00,2.77,2.87,3.49
SYK,2024-07-30 16:00:00-04:00,2.79,2.81,0.68
SYK,2024-04-30 16:00:00-04:00,2.36,2.5,6.12
SYK,2024-01-30 16:00:00-05:00,3.27,3.46,5.88
SYK,2023-11-02 16:00:00-04:00,2.44,2.46,0.92
SYK,2023-08-03 16:00:00-04:00,2.38,2.54,6.8
SYK,2023-05-01 16:00:00-04:00,2.0,2.14,6.86
SYK,2023-01-31 16:00:00-05:00,2.84,3.0,5.81
SYK,2022-10-31 16:00:00-04:00,2.23,2.12,-4.85
SYK,2022-07-26 16:00:00-04:00,2.28,2.25,-1.51
SYK,2022-04-28 16:00:00-04:00,1.92,1.97,2.74
SYK,2022-01-27 16:00:00-05:00,2.72,2.71,-0.45
SYK,2021-10-28 16:00:00-04:00,2.28,2.2,-3.57
SYK,2021-07-27 16:00:00-04:00,2.13,2.25,5.86
SYK,2021-04-27 16:00:00-04:00,1.98,1.93,-2.75
SYK,2021-01-27 16:00:00-05:00,2.55,2.81,10.22
SYK,2020-10-29 16:00:00-04:00,1.43,2.14,50.04
BSX,2026-10-28 08:00:00-04:00,0.75,,
BSX,2026-07-29 06:00:00-04:00,0.83,0.86,3.86
BSX,2026-04-22 06:00:00-04:00,0.79,0.8,1.62
BSX,2026-02-04 06:00:00-05:00,0.78,0.8,2.43
BSX,2025-10-22 06:00:00-04:00,0.71,0.75,5.09
BSX,2025-07-23 06:00:00-04:00,0.73,0.75,3.42
BSX,2025-04-23 06:00:00-04:00,0.67,0.75,11.52
BSX,2025-02-05 06:00:00-05:00,0.66,0.7,6.57
BSX,2024-10-23 06:00:00-04:00,0.59,0.63,7.05
BSX,2024-07-24 06:00:00-04:00,0.58,0.62,6.51
BSX,2024-04-24 06:00:00-04:00,0.51,0.56,9.14
BSX,2024-01-31 06:00:00-05:00,0.51,0.55,7.33
BSX,2023-10-26 06:00:00-04:00,0.48,0.5,4.72
BSX,2023-07-27 06:00:00-04:00,0.49,0.53,8.15
BSX,2023-04-26 06:00:00-04:00,0.43,0.47,8.6
BSX,2023-02-01 06:00:00-05:00,0.47,0.45,-4.64
BSX,2022-10-26 06:00:00-04:00,0.44,0.43,-2.57
BSX,2022-07-27 06:00:00-04:00,0.42,0.44,3.96
BSX,2022-04-27 06:00:00-04:00,0.39,0.39,1.22
BSX,2022-02-02 06:00:00-05:00,0.44,0.45,2.51
BSX,2021-10-27 06:00:00-04:00,0.4,0.41,3.66
BSX,2021-07-27 06:00:00-04:00,0.37,0.4,7.32
BSX,2021-04-28 06:00:00-04:00,0.31,0.37,21.08
BSX,2021-02-03 06:00:00-05:00,0.31,0.23,-26.03
BSX,2020-10-28 06:00:00-04:00,0.25,0.37,49.66
DHR,2026-10-21 08:00:00-04:00,1.92,,
DHR,2026-07-21 06:00:00-04:00,1.84,1.94,5.28
DHR,2026-04-21 06:00:00-04:00,1.94,2.06,6.45
DHR,2026-01-28 06:00:00-05:00,2.19,2.23,1.99
DHR,2025-10-21 06:00:00-04:00,1.72,1.89,9.78
DHR,2025-07-22 06:00:00-04:00,1.64,1.8,9.49
DHR,2025-04-22 06:00:00-04:00,1.64,1.88,14.38
DHR,2025-01-29 06:00:00-05:00,2.16,2.14,-1.12
DHR,2024-10-22 06:00:00-04:00,1.57,1.71,8.94
DHR,2024-07-23 06:00:00-04:00,1.57,1.72,9.3
DHR,2024-04-23 06:00:00-04:00,1.71,1.92,12.41
DHR,2024-01-30 06:00:00-05:00,1.91,2.09,9.15
DHR,2023-10-24 06:00:00-04:00,1.88,2.02,7.55
DHR,2023-07-25 06:00:00-04:00,2.02,2.05,1.73
DHR,2023-04-25 06:00:00-04:00,2.26,2.36,4.36
DHR,2023-01-24 06:00:00-05:00,2.55,2.87,12.62
DHR,2022-10-20 06:00:00-04:00,2.25,2.56,13.54
DHR,2022-07-21 06:00:00-04:00,2.34,2.76,18.09
DHR,2022-04-21 06:00:00-04:00,2.66,2.76,3.6
DHR,2022-01-27 06:00:00-05:00,2.54,2.69,5.99
DHR,2021-10-21 06:00:00-04:00,2.15,2.39,11.04
DHR,2021-07-22 06:00:00-04:00,2.05,2.46,19.99
DHR,2021-04-22 06:00:00-04:00,1.77,2.52,42.07
DHR,2021-01-28 06:00:00-05:00,1.88,2.08,10.9
DHR,2020-10-22 06:00:00-04:00,1.36,1.72,26.39
ELV,2026-10-21 08:00:00-04:00,4.69,,
ELV,2026-07-15 06:00:00-04:00,6.21,7.45,19.99
ELV,2026-04-22 06:00:00-04:00,10.81,12.58,16.36
ELV,2026-01-28 06:00:00-05:00,3.09,3.33,7.65
ELV,2025-10-21 06:00:00-04:00,4.94,6.03,22.01
ELV,2025-07-17 06:00:00-04:00,8.92,8.84,-0.91
ELV,2025-04-22 06:00:00-04:00,11.48,11.97,4.3
ELV,2025-01-23 06:00:00-05:00,3.85,3.84,-0.29
ELV,2024-10-17 06:00:00-04:00,9.65,8.37,-13.28
ELV,2024-07-17 06:00:00-04:00,10.01,10.12,1.14
ELV,2024-04-18 06:00:00-04:00,10.53,10.64,1.08
ELV,2024-01-24 06:00:00-05:00,5.59,5.62,0.62
ELV,2023-10-18 06:00:00-04:00,8.46,8.99,6.27
ELV,2023-07-19 06:00:00-04:00,8.78,9.04,2.95
ELV,2023-04-19 06:00:00-04:00,9.28,9.46,1.97
ELV,2023-01-25 06:00:00-05:00,5.19,5.23,0.75
ELV,2022-10-19 06:00:00-04:00,7.15,7.53,5.29
ELV,2022-07-20 06:00:00-04:00,7.74,8.04,3.84
ELV,2022-04-20 06:00:00-04:00,7.83,8.25,5.4
ELV,2022-01-26 06:00:00-05:00,5.12,5.14,0.48
ELV,2021-10-20 06:00:00-04:00,6.37,6.79,6.65
ELV,2021-07-21 06:00:00-04:00,6.34,7.03,10.86
ELV,2021-04-21 06:00:00-04:00,6.47,7.01,8.34
ELV,2021-01-27 06:00:00-05:00,2.53,2.54,0.53
ELV,2020-10-28 06:00:00-04:00,4.18,4.2,0.55
V,2026-10-27 16:00:00-04:00,3.43,,
V,2026-07-28 16:00:00-04:00,3.23,3.32,2.76
V,2026-04-28 16:00:00-04:00,3.1,3.31,6.79
V,2026-01-29 16:00:00-05:00,3.14,3.17,0.88
V,2025-10-28 16:00:00-04:00,2.97,2.98,0.28
V,2025-07-29 16:00:00-04:00,2.85,2.98,4.68
V,2025-04-29 16:00:00-04:00,2.68,2.76,3.0
V,2025-01-30 16:00:00-05:00,2.66,2.75,3.34
V,2024-10-29 16:00:00-04:00,2.58,2.71,5.24
V,2024-07-23 16:00:00-04:00,2.42,2.42,0.11
V,2024-04-23 16:00:00-04:00,2.43,2.51,3.16
V,2024-01-25 16:00:00-05:00,2.34,2.41,3.05
V,2023-10-24 16:00:00-04:00,2.24,2.33,3.83
V,2023-07-25 16:00:00-04:00,2.12,2.16,2.03
V,2023-04-25 16:00:00-04:00,1.99,2.09,5.18
V,2023-01-26 16:00:00-05:00,2.01,2.18,8.46
V,2022-10-25 16:00:00-04:00,1.87,1.93,3.47
V,2022-07-26 16:00:00-04:00,1.75,1.98,13.29
V,2022-04-26 16:00:00-04:00,1.65,1.79,8.37
V,2022-01-27 16:00:00-05:00,1.7,1.81,6.34
V,2021-10-26 16:00:00-04:00,1.54,1.62,5.35
V,2021-07-27 16:00:00-04:00,1.35,1.49,10.5
V,2021-04-27 16:00:00-04:00,1.27,1.38,8.64
V,2021-01-28 16:00:00-05:00,1.28,1.42,11.27
V,2020-10-28 16:00:00-04:00,1.1,1.12,1.94
MA,2026-10-29 08:00:00-04:00,5.15,,
MA,2026-07-30 08:00:00-04:00,4.78,5.04,5.53
MA,2026-04-30 08:00:00-04:00,4.41,4.6,4.23
MA,2026-01-29 08:00:00-05:00,4.24,4.76,12.26
MA,2025-10-30 08:00:00-04:00,4.31,4.38,1.52
MA,2025-07-31 08:00:00-04:00,4.02,4.15,3.12
MA,2025-05-01 08:00:00-04:00,3.56,3.73,4.8
MA,2025-01-30 08:00:00-05:00,3.69,3.82,3.54
MA,2024-10-31 08:00:00-04:00,3.75,3.89,3.85
MA,2024-07-31 08:00:00-04:00,3.51,3.59,2.3
MA,2024-05-01 08:00:00-04:00,3.24,3.31,2.23
MA,2024-01-31 08:00:00-05:00,3.08,3.18,3.17
MA,2023-10-26 08:00:00-04:00,3.21,3.39,5.45
MA,2023-07-27 08:00:00-04:00,2.83,2.89,2.0
MA,2023-04-27 08:00:00-04:00,2.71,2.8,3.22
MA,2023-01-26 08:00:00-05:00,2.58,2.65,2.64
MA,2022-10-27 08:00:00-04:00,2.57,2.68,4.09
MA,2022-07-28 08:00:00-04:00,2.36,2.56,8.65
MA,2022-04-28 08:00:00-04:00,2.16,2.76,27.76
MA,2022-01-27 08:00:00-05:00,2.21,2.35,6.23
MA,2021-10-28 08:00:00-04:00,2.19,2.37,8.43
MA,2021-07-29 08:00:00-04:00,1.75,1.95,11.63
MA,2021-04-29 08:00:00-04:00,1.56,1.74,11.32
MA,2021-01-28 08:00:00-05:00,1.52,1.64,8.2
MA,2020-10-28 08:00:00-04:00,1.66,1.6,-3.42
AXP,2026-10-23 08:00:00-04:00,4.6,,
AXP,2026-07-24 07:00:00-04:00,4.4,4.53,2.88
AXP,2026-04-23 07:00:00-04:00,3.99,4.28,7.18
AXP,2026-01-30 07:00:00-05:00,3.55,3.53,-0.66
AXP,2025-10-17 07:00:00-04:00,3.98,4.14,4.02
AXP,2025-07-18 07:00:00-04:00,3.88,4.08,5.09
AXP,2025-04-17 07:00:00-04:00,3.47,3.64,4.8
AXP,2025-01-24 07:00:00-05:00,3.03,3.04,0.17
AXP,2024-10-18 07:00:00-04:00,3.28,3.49,6.49
AXP,2024-07-19 07:00:00-04:00,3.26,4.15,27.11
AXP,2024-04-19 10:00:00-04:00,2.98,3.33,11.68
AXP,2024-01-26 07:00:00-05:00,2.65,2.62,-1.01
AXP,2023-10-20 07:00:00-04:00,2.95,3.3,11.87
AXP,2023-07-21 07:00:00-04:00,2.82,2.89,2.64
AXP,2023-04-20 07:00:00-04:00,2.67,2.4,-10.02
AXP,2023-01-27 07:00:00-05:00,2.24,2.07,-7.45
AXP,2022-10-21 13:00:00-04:00,2.41,2.47,2.29
AXP,2022-07-22 07:00:00-04:00,2.41,2.57,6.64
AXP,2022-04-22 07:00:00-04:00,2.47,2.73,10.73
AXP,2022-01-25 07:00:00-05:00,1.84,2.18,18.71
AXP,2021-10-22 07:00:00-04:00,1.75,2.27,29.38
AXP,2021-07-23 07:00:00-04:00,1.63,2.8,72.14
AXP,2021-04-23 07:00:00-04:00,1.61,2.74,69.77
AXP,2021-01-26 07:00:00-05:00,1.3,1.76,35.17
AXP,2020-10-23 07:00:00-04:00,1.35,1.3,-3.84
PYPL,2026-10-27 08:00:00-04:00,1.31,,
PYPL,2026-07-28 07:00:00-04:00,1.28,1.38,8.03
PYPL,2026-05-05 07:00:00-04:00,1.27,1.34,5.59
PYPL,2026-02-03 07:00:00-05:00,1.29,1.23,-4.4
PYPL,2025-10-28 07:00:00-04:00,1.21,1.34,11.14
PYPL,2025-07-29 07:00:00-04:00,1.3,1.4,8.0
PYPL,2025-04-29 07:00:00-04:00,1.16,1.33,14.53
PYPL,2025-02-04 07:00:00-05:00,1.12,1.19,5.96
PYPL,2024-10-29 07:00:00-04:00,1.07,1.2,12.16
PYPL,2024-07-30 07:00:00-04:00,0.99,1.19,20.63
PYPL,2024-04-30 07:00:00-04:00,1.22,1.08,-11.42
PYPL,2024-02-07 16:00:00-05:00,1.36,1.48,8.65
PYPL,2023-11-01 16:00:00-04:00,1.23,1.3,5.78
PYPL,2023-08-02 16:00:00-04:00,1.16,1.16,-0.29
PYPL,2023-05-08 16:00:00-04:00,1.1,1.17,6.4
PYPL,2023-02-09 16:00:00-05:00,1.2,1.24,3.38
PYPL,2022-11-03 17:00:00-04:00,0.96,1.08,12.46
PYPL,2022-08-02 16:00:00-04:00,0.87,0.93,6.68
PYPL,2022-04-27 16:00:00-04:00,0.88,0.88,0.26
PYPL,2022-02-01 16:00:00-05:00,1.12,1.11,-1.04
PYPL,2021-11-08 16:00:00-05:00,1.08,1.11,3.12
PYPL,2021-07-28 16:00:00-04:00,1.12,1.15,2.31
PYPL,2021-05-05 16:00:00-04:00,1.02,1.22,19.99
PYPL,2021-02-03 16:00:00-05:00,1.0,1.08,8.33
PYPL,2020-11-02 16:00:00-05:00,0.94,1.07,13.49
SPGI,2026-10-27 08:00:00-04:00,4.41,,
SPGI,2026-07-28 07:00:00-04:00,5.02,4.87,-2.94
SPGI,2026-04-28 07:00:00-04:00,4.82,4.97,3.18
SPGI,2026-02-10 07:00:00-05:00,4.34,4.3,-0.83
SPGI,2025-10-30 07:00:00-04:00,4.41,4.73,7.28
SPGI,2025-07-31 07:00:00-04:00,4.22,4.43,4.88
SPGI,2025-04-29 07:00:00-04:00,4.21,4.37,3.9
SPGI,2025-02-11 07:00:00-05:00,3.47,3.77,8.58
SPGI,2024-10-24 07:00:00-04:00,3.64,3.89,6.76
SPGI,2024-07-30 07:00:00-04:00,3.65,4.04,10.83
SPGI,2024-04-25 07:00:00-04:00,3.66,4.01,9.66
SPGI,2024-02-08 07:00:00-05:00,3.14,3.13,-0.43
SPGI,2023-11-02 07:00:00-04:00,3.04,3.21,5.42
SPGI,2023-07-27 07:00:00-04:00,3.13,3.12,-0.33
SPGI,2023-04-27 07:00:00-04:00,2.92,3.15,8.06
SPGI,2023-02-09 07:00:00-05:00,2.48,2.54,2.61
SPGI,2022-10-27 07:00:00-04:00,2.8,2.93,4.76
SPGI,2022-08-02 07:00:00-04:00,2.93,2.81,-4.19
SPGI,2022-05-04 06:00:00-04:00,2.97,2.89,-2.59
SPGI,2022-02-08 07:00:00-05:00,3.12,3.15,1.01
SPGI,2021-10-26 07:00:00-04:00,3.15,3.54,12.29
SPGI,2021-07-29 07:00:00-04:00,3.27,3.62,10.72
SPGI,2021-04-29 07:00:00-04:00,3.08,3.39,10.23
SPGI,2021-02-09 07:00:00-05:00,2.51,2.71,8.02
SPGI,2020-10-27 07:00:00-04:00,2.55,2.85,11.66
BLK,2026-10-14 08:00:00-04:00,14.29,,
BLK,2026-07-15 06:00:00-04:00,12.69,13.91,9.62
BLK,2026-04-14 06:00:00-04:00,11.46,12.53,9.35
BLK,2026-01-15 06:00:00-05:00,12.19,13.16,7.94
BLK,2025-10-14 06:00:00-04:00,11.29,11.55,2.28
BLK,2025-07-15 06:00:00-04:00,10.81,12.05,11.47
BLK,2025-04-11 06:00:00-04:00,10.13,11.3,11.59
BLK,2025-01-15 05:00:00-05:00,11.22,11.93,6.36
BLK,2024-10-11 06:00:00-04:00,10.31,11.46,11.11
BLK,2024-07-15 06:00:00-04:00,9.96,10.36,3.99
BLK,2024-04-12 06:00:00-04:00,9.39,9.81,4.47
BLK,2024-01-12 05:00:00-05:00,8.88,9.66,8.79
BLK,2023-10-13 06:00:00-04:00,8.34,10.91,30.76
BLK,2023-07-14 06:00:00-04:00,8.47,9.28,9.6
BLK,2023-04-14 06:00:00-04:00,7.73,7.93,2.63
BLK,2023-01-13 08:00:00-05:00,8.1,8.93,10.31
BLK,2022-10-13 07:00:00-04:00,7.06,9.55,35.17
BLK,2022-07-15 07:00:00-04:00,8.02,7.36,-8.27
BLK,2009-10-20 07:00:00-04:00,1.93,2.1,8.64
BLK,2009-07-21 07:00:00-04:00,1.56,1.75,12.02
BLK,2009-04-21 07:00:00-04:00,0.81,0.81,0.6
BLK,2009-01-21 07:00:00-05:00,0.99,0.68,-31.56
BLK,2008-10-21 07:00:00-04:00,1.88,1.71,-8.83
BLK,2008-07-17 07:00:00-04:00,1.88,2.14,13.61
BLK,2008-04-16 07:00:00-04:00,2.01,1.9,-5.53
GE,2026-10-20 08:00:00-04:00,1.99,,
GE,2026-07-16 06:00:00-04:00,1.86,2.02,8.62
GE,2026-04-21 06:00:00-04:00,1.6,1.86,16.31
GE,2026-01-22 06:00:00-05:00,1.43,1.57,9.81
GE,2025-10-21 06:00:00-04:00,1.47,1.66,13.01
GE,2025-07-17 06:00:00-04:00,1.43,1.66,15.97
GE,2025-04-22 06:00:00-04:00,1.27,1.49,17.51
GE,2025-01-23 06:00:00-05:00,1.04,1.32,26.9
GE,2024-10-22 06:00:00-04:00,1.13,1.15,1.34
GE,2024-07-23 06:00:00-04:00,0.99,1.2,20.79
GE,2024-04-23 06:00:00-04:00,0.7,0.82,16.42
GE,2024-01-23 06:00:00-05:00,0.9,1.03,14.86
GE,2023-10-24 06:00:00-04:00,0.56,0.82,46.28
GE,2023-07-25 06:00:00-04:00,0.46,0.68,48.14
GE,2023-04-25 06:00:00-04:00,0.14,0.27,97.56
GE,2023-01-24 06:00:00-05:00,1.16,1.24,6.97
GE,2022-10-25 06:00:00-04:00,0.49,0.35,-28.12
GE,2022-07-26 06:00:00-04:00,0.42,0.78,86.22
GE,2022-04-26 06:00:00-04:00,0.22,0.24,7.87
GE,2022-01-25 06:00:00-05:00,0.82,0.92,12.09
GE,2021-10-26 06:00:00-04:00,0.44,0.57,30.03
GE,2021-07-27 06:00:00-04:00,0.27,0.4,49.58
GE,2021-04-27 06:00:00-04:00,0.08,0.24,208.05
GE,2021-01-26 06:00:00-05:00,0.68,0.64,-6.33
GE,2020-10-28 06:00:00-04:00,-0.23,0.48,306.31
CAT,2026-10-29 08:00:00-04:00,6.93,,
CAT,2026-08-04 06:00:00-04:00,6.2,8.17,31.83
CAT,2026-04-30 06:00:00-04:00,4.64,5.54,19.3
CAT,2026-01-29 06:00:00-05:00,4.71,5.16,9.51
CAT,2025-10-29 06:00:00-04:00,4.52,4.95,9.43
CAT,2025-08-05 06:00:00-04:00,4.9,4.72,-3.73
CAT,2025-04-30 06:00:00-04:00,4.34,4.25,-2.19
CAT,2025-01-30 06:00:00-05:00,5.03,5.14,2.25
CAT,2024-10-30 06:00:00-04:00,5.35,5.17,-3.44
CAT,2024-08-06 06:00:00-04:00,5.54,5.99,8.14
CAT,2024-04-25 06:00:00-04:00,5.13,5.6,9.13
CAT,2024-02-05 06:00:00-05:00,4.75,5.23,10.06
CAT,2023-10-31 06:00:00-04:00,4.79,5.52,15.18
CAT,2023-08-01 06:00:00-04:00,4.58,5.55,21.24
CAT,2023-04-27 06:00:00-04:00,3.79,4.91,29.5
CAT,2023-01-31 06:00:00-05:00,4.03,3.86,-4.19
CAT,2022-10-27 06:00:00-04:00,3.17,3.95,24.78
CAT,2022-08-02 06:00:00-04:00,3.02,3.18,5.44
CAT,2022-04-28 06:00:00-04:00,2.6,2.88,10.63
CAT,2022-01-28 06:00:00-05:00,2.26,2.69,18.85
CAT,2021-10-28 06:00:00-04:00,2.2,2.66,20.8
CAT,2021-07-30 06:00:00-04:00,2.41,2.6,7.99
CAT,2021-04-29 06:00:00-04:00,1.94,2.87,47.97
CAT,2021-01-29 06:00:00-05:00,1.49,2.12,42.46
CAT,2020-10-27 06:00:00-04:00,1.18,1.34,13.97
ETN,2026-11-03 07:00:00-05:00,3.54,,
ETN,2026-07-31 06:00:00-04:00,3.08,3.15,2.39
ETN,2026-05-05 06:00:00-04:00,2.73,2.81,2.9
ETN,2026-02-03 06:00:00-05:00,3.32,3.33,0.34
ETN,2025-11-04 06:00:00-05:00,3.05,3.07,0.51
ETN,2025-08-05 07:00:00-04:00,2.92,2.95,0.95
ETN,2025-05-02 06:00:00-04:00,2.71,2.72,0.55
ETN,2025-01-31 06:00:00-05:00,2.81,2.83,0.72
ETN,2024-10-31 06:00:00-04:00,2.81,2.84,1.18
ETN,2024-08-01 06:00:00-04:00,2.61,2.73,4.5
ETN,2024-04-30 06:00:00-04:00,2.29,2.4,4.86
ETN,2024-02-01 06:00:00-05:00,2.47,2.55,3.21
ETN,2023-10-31 06:00:00-04:00,2.34,2.47,5.71
ETN,2023-08-01 06:00:00-04:00,2.11,2.21,4.68
ETN,2023-05-02 06:00:00-04:00,1.78,1.88,5.34
ETN,2023-02-08 06:00:00-05:00,2.05,2.06,0.58
ETN,2022-11-01 06:00:00-04:00,2.01,2.02,0.56
ETN,2022-08-02 06:00:00-04:00,1.82,1.87,2.76
ETN,2022-05-03 06:00:00-04:00,1.6,1.62,1.43
ETN,2022-02-04 06:00:00-05:00,1.71,1.72,0.37
ETN,2021-11-02 06:00:00-04:00,1.73,1.75,1.28
ETN,2021-08-03 06:00:00-04:00,1.57,1.72,9.25
ETN,2021-05-04 06:00:00-04:00,1.24,1.44,15.78
ETN,2021-02-02 06:00:00-05:00,1.24,1.28,3.3
ETN,2020-11-03 06:00:00-05:00,1.05,1.18,12.9
HON,2026-10-22 08:00:00-04:00,2.17,,
HON,2026-07-23 09:00:00-04:00,1.82,1.95,7.22
HON,2026-04-23 06:00:00-04:00,4.64,4.9,5.55
HON,2026-01-29 06:00:00-05:00,5.07,5.18,2.14
HON,2025-10-23 06:00:00-04:00,5.13,5.64,9.87
HON,2025-07-24 06:00:00-04:00,5.32,5.5,3.43
HON,2025-04-29 06:00:00-04:00,4.42,5.02,13.64
HON,2025-02-06 06:00:00-05:00,4.69,4.94,5.28
HON,2024-10-24 06:00:00-04:00,5.01,5.16,3.08
HON,2024-07-25 06:00:00-04:00,4.83,4.98,3.1
HON,2024-04-25 06:00:00-04:00,4.36,4.5,3.32
HON,2024-02-01 06:00:00-05:00,5.18,5.2,0.33
HON,2023-10-26 06:00:00-04:00,4.46,4.54,1.87
HON,2023-07-27 06:00:00-04:00,4.43,4.46,0.79
HON,2023-04-27 06:00:00-04:00,3.85,4.14,7.43
HON,2023-02-02 06:00:00-05:00,5.02,5.04,0.45
HON,2022-10-27 06:00:00-04:00,4.3,4.5,4.61
HON,2022-07-28 06:00:00-04:00,4.05,4.2,3.6
HON,2022-04-29 06:00:00-04:00,3.72,3.82,2.58
HON,2022-02-03 06:00:00-05:00,4.16,4.18,0.52
HON,2021-10-22 06:00:00-04:00,3.99,4.04,1.17
HON,2021-07-23 06:00:00-04:00,3.89,4.04,3.86
HON,2021-04-23 06:00:00-04:00,3.6,3.84,6.59
HON,2021-01-29 06:00:00-05:00,4.0,4.14,3.5
HON,2020-10-30 06:00:00-04:00,2.97,3.12,4.94
CTAS,2026-12-17 07:00:00-05:00,1.36,,
CTAS,2026-09-23 08:00:00-04:00,1.36,1.36,0.23
CTAS,2026-07-15 08:00:00-04:00,1.23,1.26,2.35
CTAS,2026-03-25 08:00:00-04:00,1.24,1.24,0.06
CTAS,2025-12-18 08:00:00-05:00,1.19,1.21,1.3
CTAS,2025-09-24 08:00:00-04:00,1.19,1.2,0.74
CTAS,2025-07-17 08:00:00-04:00,1.07,1.09,1.75
CTAS,2025-03-26 08:00:00-04:00,1.05,1.13,7.4
CTAS,2024-12-19 08:00:00-05:00,1.01,1.09,7.53
CTAS,2024-09-25 08:00:00-04:00,1.0,1.1,10.19
CTAS,2024-07-18 08:00:00-04:00,0.95,1.0,5.14
CTAS,2024-03-27 08:00:00-04:00,0.9,0.96,7.12
CTAS,2023-12-21 08:00:00-05:00,0.87,0.9,3.52
CTAS,2023-09-26 08:00:00-04:00,0.92,0.93,0.47
CTAS,2023-07-13 08:00:00-04:00,0.8,0.83,4.22
CTAS,2023-03-29 08:00:00-04:00,0.76,0.79,2.82
CTAS,2022-12-21 08:00:00-05:00,0.76,0.78,3.04
CTAS,2022-09-28 08:00:00-04:00,0.79,0.85,7.93
CTAS,2022-07-14 09:00:00-04:00,0.67,0.7,4.76
CTAS,2022-03-23 08:00:00-04:00,0.61,0.74,21.5
CTAS,2021-12-22 08:00:00-05:00,0.66,0.69,5.17
CTAS,2021-09-29 08:00:00-04:00,0.69,0.78,12.22
CTAS,2021-07-15 08:00:00-04:00,0.58,0.62,6.96
CTAS,2021-03-17 08:00:00-04:00,0.56,0.59,6.47
CTAS,2020-12-22 08:00:00-05:00,0.55,0.59,8.49
PH,2026-11-05 07:00:00-05:00,8.15,,
PH,2026-08-06 07:00:00-04:00,8.27,9.27,12.15
PH,2026-04-30 07:00:00-04:00,7.83,8.17,4.36
PH,2026-01-29 07:00:00-05:00,7.17,7.65,6.75
PH,2025-11-06 07:00:00-05:00,6.62,7.22,9.01
PH,2025-08-07 07:00:00-04:00,7.08,7.69,8.57
PH,2025-05-01 07:00:00-04:00,6.72,6.94,3.26
PH,2025-01-30 07:00:00-05:00,6.23,6.53,4.88
PH,2024-10-31 07:00:00-04:00,6.14,6.2,0.95
PH,2024-08-08 07:00:00-04:00,6.22,6.77,8.81
PH,2024-05-02 07:00:00-04:00,6.11,6.51,6.52
PH,2024-02-01 08:00:00-05:00,5.26,6.15,16.89
PH,2023-11-02 07:00:00-04:00,5.31,5.96,12.14
PH,2023-08-03 07:00:00-04:00,5.49,6.08,10.77
PH,2023-05-04 07:00:00-04:00,5.02,5.93,18.24
PH,2023-02-02 07:00:00-05:00,4.46,4.76,6.8
PH,2022-11-03 07:00:00-04:00,4.18,4.74,13.3
PH,2022-08-04 07:00:00-04:00,4.7,5.16,9.84
PH,2022-05-05 07:00:00-04:00,4.65,4.83,3.83
PH,2022-02-03 07:00:00-05:00,3.93,4.46,13.59
PH,2021-11-04 07:00:00-04:00,3.7,4.26,15.27
PH,2021-08-05 07:00:00-04:00,4.33,4.38,1.12
PH,2021-04-29 07:00:00-04:00,3.73,4.11,10.28
PH,2021-02-04 07:00:00-05:00,2.58,3.44,33.49
PH,2020-11-05 07:00:00-05:00,2.27,3.07,35.31
COST,2026-12-10 15:00:00-05:00,4.91,,
COST,2026-09-24 16:00:00-04:00,6.53,6.75,3.41
COST,2026-05-28 16:00:00-04:00,4.97,4.93,-0.85
COST,2026-03-05 16:00:00-05:00,4.55,4.58,0.71
COST,2025-12-11 16:00:00-05:00,4.27,4.5,5.49
COST,2025-09-25 16:00:00-04:00,5.8,5.87,1.13
COST,2025-05-29 16:00:00-04:00,4.23,4.28,1.23
COST,2025-03-06 16:00:00-05:00,4.1,4.02,-1.85
COST,2024-12-12 16:00:00-05:00,3.8,4.04,6.43
COST,2024-09-26 16:00:00-04:00,5.08,5.15,1.41
COST,2024-06-06 06:00:00-04:00,3.76,3.78,0.43
COST,2024-03-07 16:00:00-05:00,3.64,3.71,2.02
COST,2023-12-14 16:00:00-05:00,3.42,3.58,4.83
COST,2023-09-26 16:00:00-04:00,4.78,4.86,1.76
COST,2023-06-01 06:00:00-04:00,3.43,2.93,-14.54
COST,2023-03-02 16:00:00-05:00,3.23,3.3,2.25
COST,2022-12-08 16:00:00-05:00,3.16,3.1,-1.98
COST,2022-09-22 16:00:00-04:00,4.2,4.2,-0.08
COST,2022-05-26 16:00:00-04:00,3.02,3.17,4.95
COST,2022-03-03 16:00:00-05:00,2.79,2.92,4.62
COST,2021-12-09 16:00:00-05:00,2.65,2.98,12.55
COST,2021-09-23 16:00:00-04:00,3.58,3.76,4.93
COST,2021-05-27 16:00:00-04:00,2.28,2.75,20.71
COST,2021-03-04 16:00:00-05:00,2.43,2.14,-12.02
COST,2020-12-10 16:00:00-05:00,2.04,2.29,12.32
WMT,2026-11-19 07:00:00-05:00,0.64,,
WMT,2026-08-20 06:00:00-04:00,0.74,0.81,9.27
WMT,2026-05-21 06:00:00-04:00,0.66,0.66,0.19
WMT,2026-02-19 06:00:00-05:00,0.73,0.74,1.79
WMT,2025-11-20 06:00:00-05:00,0.6,0.62,3.11
WMT,2025-08-21 06:00:00-04:00,0.74,0.68,-7.97
WMT,2025-05-15 06:00:00-04:00,0.58,0.61,5.64
WMT,2025-02-20 06:00:00-05:00,0.65,0.66,2.04
WMT,2024-11-19 06:00:00-05:00,0.53,0.58,8.84
WMT,2024-08-15 06:00:00-04:00,0.65,0.67,3.76
WMT,2024-05-16 06:00:00-04:00,0.52,0.6,14.36
WMT,2024-02-20 06:00:00-05:00,0.55,0.6,9.35
WMT,2023-11-16 06:00:00-05:00,0.51,0.51,0.39
WMT,2023-08-17 06:00:00-04:00,0.57,0.61,7.88
WMT,2023-05-18 07:00:00-04:00,0.44,0.49,11.64
WMT,2023-02-21 07:00:00-05:00,0.5,0.57,12.88
WMT,2022-11-15 07:00:00-05:00,0.44,0.5,13.95
WMT,2022-08-16 07:00:00-04:00,0.54,0.59,10.02
WMT,2022-05-17 06:00:00-04:00,0.49,0.43,-12.1
WMT,2022-02-17 07:00:00-05:00,0.5,0.51,2.21
WMT,2021-11-16 07:00:00-05:00,0.46,0.48,3.97
WMT,2021-08-17 07:00:00-04:00,0.52,0.59,13.17
WMT,2021-05-18 06:00:00-04:00,0.4,0.56,40.06
WMT,2021-02-18 06:00:00-05:00,0.5,0.46,-8.0
WMT,2020-11-17 07:00:00-05:00,0.4,0.45,12.8
MNST,2026-11-05 15:00:00-05:00,0.3,,
MNST,2026-08-06 16:00:00-04:00,0.29,0.3,1.84
MNST,2026-05-07 16:00:00-04:00,0.26,0.29,10.16
MNST,2026-02-26 16:00:00-05:00,0.24,0.23,-4.5
MNST,2025-11-06 16:00:00-05:00,0.24,0.27,9.22
MNST,2025-08-07 16:00:00-04:00,0.24,0.25,4.1
MNST,2025-05-08 16:00:00-04:00,0.23,0.23,-2.68
MNST,2025-02-27 16:00:00-05:00,0.2,0.14,-29.89
MNST,2024-11-07 16:00:00-05:00,0.21,0.19,-10.65
MNST,2024-08-07 16:00:00-04:00,0.23,0.21,-10.97
MNST,2024-05-02 16:00:00-04:00,0.22,0.21,-4.64
MNST,2024-02-28 16:00:00-05:00,0.19,0.18,-9.2
MNST,2023-11-02 16:00:00-04:00,0.2,0.22,8.21
MNST,2023-08-03 16:00:00-04:00,0.2,0.2,-0.95
MNST,2023-05-04 16:00:00-04:00,0.17,0.19,15.1
MNST,2023-02-28 16:00:00-05:00,0.16,0.14,-8.53
MNST,2022-11-03 16:00:00-04:00,0.15,0.15,2.59
MNST,2022-08-04 16:00:00-04:00,0.17,0.13,-26.09
MNST,2022-05-05 16:00:00-04:00,0.15,0.14,-9.2
MNST,2022-02-24 16:00:00-05:00,0.15,0.15,-0.28
MNST,2021-11-04 16:00:00-04:00,0.17,0.16,-5.96
MNST,2021-08-05 16:00:00-04:00,0.17,0.19,11.38
MNST,2021-05-06 16:00:00-04:00,0.15,0.15,-3.84
MNST,2021-02-25 16:00:00-05:00,0.15,0.22,46.03
MNST,2020-11-05 16:00:00-05:00,0.16,0.16,4.09
PG,2026-10-22 08:00:00-04:00,1.89,,
PG,2026-07-29 07:00:00-04:00,1.41,1.43,1.55
PG,2026-04-24 07:00:00-04:00,1.56,1.59,2.22
PG,2026-01-22 07:00:00-05:00,1.86,1.88,1.25
PG,2025-10-24 07:00:00-04:00,1.9,1.99,4.92
PG,2025-07-29 07:00:00-04:00,1.42,1.48,4.14
PG,2025-04-24 07:00:00-04:00,1.53,1.54,0.93
PG,2025-01-22 07:00:00-05:00,1.86,1.88,1.1
PG,2024-10-18 06:00:00-04:00,1.9,1.93,1.75
PG,2024-07-30 07:00:00-04:00,1.37,1.4,1.92
PG,2024-04-19 06:00:00-04:00,1.41,1.52,7.48
PG,2024-01-23 06:00:00-05:00,1.7,1.84,8.28
PG,2023-10-18 06:00:00-04:00,1.72,1.83,6.34
PG,2023-07-28 06:00:00-04:00,1.32,1.37,3.48
PG,2023-04-21 06:00:00-04:00,1.32,1.37,3.46
PG,2023-01-19 07:00:00-05:00,1.59,1.59,-0.01
PG,2022-10-19 07:00:00-04:00,1.55,1.57,1.41
PG,2022-07-29 06:00:00-04:00,1.23,1.21,-1.43
PG,2022-04-20 06:00:00-04:00,1.29,1.33,2.88
PG,2022-01-19 06:00:00-05:00,1.65,1.66,0.41
PG,2021-10-19 07:00:00-04:00,1.59,1.61,1.2
PG,2021-07-30 06:00:00-04:00,1.09,1.13,4.13
PG,2021-04-20 07:00:00-04:00,1.19,1.26,6.1
PG,2021-01-20 07:00:00-05:00,1.51,1.64,8.8
PG,2020-10-20 07:00:00-04:00,1.42,1.63,14.89
