ticker,period,avg,low,high,yearagoeps,numberofanalysts,growth,currency
AAPL,0q,1.97865,1.93,2.07,1.85,27,0.0695,USD
AAPL,+1q,2.90586,2.56,3.42,2.84,22,0.0232,USD
AAPL,0y,8.82022,8.28,8.94,7.46,39,0.1823,USD
AAPL,+1y,9.57579,8.69,10.67,8.82022,40,0.0857,USD
MSFT,0q,4.72336,4.43,4.83363,4.13,27,0.1437,USD
MSFT,+1q,4.82904,4.72,5.02,4.14,27,0.1664,USD
MSFT,0y,19.76867,19.21,20.7,17.28,34,0.144,USD
MSFT,+1y,23.67732,22.08,26.0,19.76867,33,0.19770001,USD
NVDA,0q,2.47325,2.34,2.7,1.3,44,0.9025,USD
NVDA,+1q,2.74622,2.56,3.117,1.62,42,0.69519997,USD
NVDA,0y,9.31242,9.01,10.1,4.77,51,0.9523,USD
NVDA,+1y,15.9146,12.84835,18.746,9.31242,52,0.709,USD
AVGO,0q,3.82763,3.53,3.92,1.95,40,0.9629,USD
AVGO,+1q,4.07938,3.7,4.3,2.05,35,0.9899,USD
AVGO,0y,11.65755,11.35,12.38,6.82,48,0.7093,USD
AVGO,+1y,19.39382,17.46646,22.44,11.65755,48,0.6636,USD
ORCL,0q,1.89379,1.81,2.04,2.26,34,-0.162,USD
ORCL,+1q,2.02255,1.89,2.12,1.79,33,0.1299,USD
ORCL,0y,8.1414,8.07,8.37,7.63,37,0.067,USD
ORCL,+1y,10.99719,9.0,13.3,8.1414,39,0.3508,USD
CRM,0q,3.4463,3.39,3.85,3.25,42,0.060399998,USD
CRM,+1q,3.5562,3.45,4.01,3.81,41,-0.066599995,USD
CRM,0y,16.75426,16.67,17.6,12.52,52,0.3382,USD
CRM,+1y,16.0207,14.6632,18.12,16.75426,53,-0.0438,USD
AMD,0q,1.92939,1.72,2.03,1.2,40,0.6078,USD
AMD,+1q,2.65104,1.93,3.22,1.53,40,0.7327,USD
AMD,0y,7.5868,7.0,8.2,4.17,49,0.8194,USD
AMD,+1y,15.72189,9.6,20.25,7.5868,50,1.0723001,USD
ADBE,0q,6.33138,6.29945,6.44,5.5,29,0.1512,USD
ADBE,+1q,6.76066,6.28,7.32,6.06,26,0.115600005,USD
ADBE,0y,24.48076,24.45,24.6,20.94,34,0.1691,USD
ADBE,+1y,27.67328,26.0,29.19,24.48076,36,0.1304,USD
CSCO,0q,1.32432,1.30992,1.34,1.0,24,0.3243,USD
CSCO,+1q,1.22973,1.19,1.36,1.04,23,0.1824,USD
CSCO,0y,5.14597,5.05,5.61,4.33,28,0.1884,USD
CSCO,+1y,5.62092,5.3,6.81,5.14597,27,0.0923,USD
INTU,0q,2.63936,2.42,4.13,3.34,26,-0.20979999,USD
INTU,+1q,3.97829,3.41,5.59,4.15,26,-0.0414,USD
INTU,0y,23.94389,21.82521,29.21,24.27,32,-0.0134000005,USD
INTU,+1y,27.07542,21.32,32.92,23.94389,31,0.1308,USD
AMAT,0q,4.05592,4.02,4.19,2.17,25,0.86910003,USD
AMAT,+1q,4.20406,3.71,4.769,2.38,24,0.7664,USD
AMAT,0y,12.78556,12.53,12.96,9.42,31,0.35729998,USD
AMAT,+1y,18.4658,16.02,21.77,12.78556,35,0.4443,USD
QCOM,0q,2.15685,2.09,2.24,3.0,26,-0.2811,USD
QCOM,+1q,2.29722,2.0,2.95,3.5,26,-0.3437,USD
QCOM,0y,10.48422,9.25,10.61,12.03,31,-0.1285,USD
QCOM,+1y,10.19665,8.83,12.24,10.48422,34,-0.0274,USD
TXN,0q,2.41539,2.26,2.51,1.48,24,0.632,USD
TXN,+1q,2.27793,2.11,2.43381,1.27,24,0.7936,USD
TXN,0y,8.50151,8.08,8.71,5.45,27,0.55990005,USD
TXN,+1y,10.13289,8.64,13.5,8.50151,29,0.1919,USD
NOW,0q,1.02553,0.91,1.17,0.964,39,0.0638,USD
NOW,+1q,1.17044,1.03,1.32,0.92,38,0.2722,USD
NOW,0y,4.06673,3.84,4.36,3.51,44,0.1586,USD
NOW,+1y,5.00551,4.35,5.57,4.06673,44,0.2308,USD
PANW,0q,0.9715,0.95,1.01,0.93,45,0.0446,USD
PANW,+1q,0.43088,0.23886,0.99,0.61,16,-0.2936,USD
PANW,0y,4.1889,4.15,4.57,3.84,53,0.090900004,USD
PANW,+1y,2.21057,1.32,3.03,1.57611,18,0.4025,USD
SNPS,0q,4.12573,4.00916,4.1525,2.9,16,0.42270002,USD
SNPS,+1q,4.4565,3.98,5.08,3.77,12,0.1821,USD
SNPS,0y,15.13856,15.02986,15.31,12.91,21,0.1726,USD
SNPS,+1y,18.58301,17.55,19.19233,15.13856,17,0.2275,USD
CDNS,0q,2.04597,2.02,2.08,1.93,18,0.060100004,USD
CDNS,+1q,2.02606,1.97,2.16277,1.99,18,0.018099999,USD
CDNS,0y,4.81101,4.69,4.91519,4.06,13,0.185,USD
CDNS,+1y,9.5677,8.78,10.06189,8.14768,25,0.1743,USD
KLAC,0q,1.17897,1.16,1.25,0.881,22,0.3382,USD
KLAC,+1q,1.36195,1.31,1.41,0.885,22,0.5389,USD
KLAC,0y,5.43753,4.793,5.86,3.76,25,0.44619998,USD
KLAC,+1y,6.74039,5.81,7.94861,5.43753,22,0.23959999,USD
LRCX,0q,2.17786,2.09,2.28,1.26,25,0.7285,USD
LRCX,+1q,2.31003,2.11,2.55,1.27,25,0.8189,USD
LRCX,0y,9.47481,8.44,10.82,5.82,30,0.628,USD
LRCX,+1y,11.76415,8.96,15.12,9.47481,26,0.24159999,USD
MU,0q,38.21061,30.2,40.47,3.03,33,11.6108,USD
MU,+1q,42.12014,39.71,46.85,4.78,30,7.8117,USD
MU,0y,176.15115,72.29,214.7,73.88294,36,1.3842,USD
MU,+1y,206.33243,161.0,335.5,176.15115,36,0.1713,USD
ANET,0q,1.07669,1.059,1.12,0.75,26,0.4356,USD
ANET,+1q,1.14768,1.09,1.22,0.82,25,0.3996,USD
ANET,0y,4.1121,4.05,4.22,2.98,29,0.3799,USD
ANET,+1y,5.20199,4.66,5.73,4.1121,29,0.265,USD
CRWD,0q,0.31101,0.30946,0.33,0.24,45,0.2959,USD
CRWD,+1q,0.35664,0.32,0.37,0.28,45,0.2737,USD
CRWD,0y,1.25609,1.24633,1.32,0.9325,51,0.347,USD
CRWD,+1y,1.60591,1.5,2.04,1.25609,53,0.2785,USD
FTNT,0q,0.85724,0.84,0.92,0.74,38,0.1584,USD
FTNT,+1q,0.87553,0.84,0.98,0.81,38,0.0809,USD
FTNT,0y,3.45008,3.41,3.62,2.76,41,0.25,USD
FTNT,+1y,3.77777,3.23,4.55,3.45008,42,0.095,USD
ADI,0q,3.84925,3.42,4.0,2.26,26,0.7032,USD
ADI,+1q,3.78784,3.31,4.22,2.46,25,0.5398,USD
ADI,0y,12.89498,12.35,14.31,7.79,29,0.65529996,USD
ADI,+1y,16.34812,14.34343,18.0,12.89498,30,0.2678,USD
ADP,0q,2.76395,2.67,2.91518,2.49,15,0.11,USD
ADP,+1q,2.91566,2.84,2.99743,2.62,15,0.112799995,USD
ADP,0y,12.26218,12.11143,12.41,11.12,18,0.1027,USD
ADP,+1y,13.40122,13.00475,13.66,12.26218,18,0.0929,USD
MSI,0q,4.43553,4.39,4.51,4.06,4,0.0925,USD
MSI,+1q,5.49596,5.47384,5.51,4.59,4,0.1974,USD
MSI,0y,17.7246,17.67,17.82,15.38,5,0.1524,USD
MSI,+1y,19.43068,19.21,19.75338,17.7246,5,0.0963,USD
APH,0q,0.72449,0.705,0.78,0.465,16,0.55799997,USD
APH,+1q,0.74764,0.69,0.84,0.485,16,0.54150003,USD
APH,0y,2.67723,2.61,2.84,1.67,18,0.6031,USD
APH,+1y,3.31739,3.05,3.69,2.67723,19,0.2391,USD
PLTR,0q,0.41367,0.38,0.48,0.21,23,0.96989995,USD
PLTR,+1q,0.46381,0.43,0.55,0.25,23,0.8552,USD
PLTR,0y,1.62012,1.51,1.75,0.75,28,1.1602,USD
PLTR,+1y,2.34416,1.92,2.9,1.62012,28,0.44689998,USD
WDAY,0q,2.74439,2.52,2.91808,2.32,36,0.18290001,USD
WDAY,+1q,2.94673,2.7,3.29,2.47,35,0.19299999,USD
WDAY,0y,11.07637,10.63,11.71,9.23,41,0.2,USD
WDAY,+1y,13.23298,11.9,15.3,11.07637,41,0.19469999,USD
ADSK,0q,3.06793,3.03986,3.10664,2.67,28,0.14899999,USD
ADSK,+1q,3.1999,2.96,3.27,2.85,28,0.1228,USD
ADSK,0y,12.61244,12.52581,13.35,10.43,36,0.2092,USD
ADSK,+1y,14.19939,13.19,15.64,12.61244,36,0.1258,USD
NXPI,0q,4.10412,3.85,4.21,3.11,22,0.3197,USD
NXPI,+1q,4.31826,3.94,4.57,3.35,22,0.289,USD
NXPI,0y,15.0591,14.28,15.65,11.81,25,0.2751,USD
NXPI,+1y,18.13491,16.26,20.38,15.0591,25,0.2042,USD
MCHP,0q,0.93406,0.92,0.98,0.35,22,1.6687,USD
MCHP,+1q,0.94018,0.88,0.99,0.44,22,1.1368,USD
MCHP,0y,3.64613,3.5,3.78,1.64,25,1.2232,USD
MCHP,+1y,4.58355,4.08,5.44,3.64613,25,0.2571,USD
AMZN,0q,1.95204,1.72,2.23,1.95,45,0.001,USD
AMZN,+1q,2.44288,2.0,2.75,1.95,42,0.25280002,USD
AMZN,0y,12.89234,12.16,13.51,7.17,51,0.7981,USD
AMZN,+1y,10.5269,8.73,15.0435,12.89234,53,-0.1835,USD
TSLA,0q,0.45071,0.29912,0.7,0.5,26,-0.0986,USD
TSLA,+1q,0.47891,0.32561,0.82,0.5,24,-0.0422,USD
TSLA,0y,1.74178,1.4,2.39,1.66,33,0.0493,USD
TSLA,+1y,2.14567,1.39889,3.65,1.74178,31,0.2319,USD
HD,0q,3.83787,3.71,3.98009,3.74,30,0.026199998,USD
HD,+1q,2.8301,2.7,2.94,2.72,30,0.0405,USD
HD,0y,15.02345,14.85,15.2376,14.69,34,0.0227,USD
HD,+1y,15.98951,15.18,16.59893,15.02345,34,0.0643,USD
LOW,0q,2.86667,2.82,3.01159,3.06,28,-0.063200004,USD
LOW,+1q,1.97775,1.8951,2.09,1.98,28,-0.0011,USD
LOW,0y,12.30642,12.19,13.12,12.28,32,0.0022,USD
LOW,+1y,13.0,11.79,13.88,12.30642,32,0.056399997,USD
NKE,0q,0.43689,0.38,0.5,0.49,24,-0.1084,USD
NKE,+1q,0.38022,0.29,0.54,0.35,25,0.0863,USD
NKE,0y,1.28907,1.01,1.69,2.1,34,-0.38619998,USD
NKE,+1y,1.65264,1.1,3.22,1.28907,38,0.282,USD
SBUX,0q,0.69954,0.49,0.76473,0.52,28,0.3453,USD
SBUX,+1q,0.75159,0.66,0.81,0.56,19,0.3421,USD
SBUX,0y,2.60031,2.35,2.69,2.13,33,0.2208,USD
SBUX,+1y,3.12225,2.95,3.45,2.60031,33,0.2007,USD
MCD,0q,3.38055,3.22928,3.5,3.22,28,0.0499,USD
MCD,+1q,3.28566,3.06,3.5,3.12,28,0.0531,USD
MCD,0y,12.88558,12.53,13.23,12.2,32,0.056199998,USD
MCD,+1y,13.79023,12.86,14.73,12.88558,32,0.070199996,USD
BKNG,0q,4.48906,4.2,4.69,3.98,26,0.1279,USD
BKNG,+1q,2.30458,2.108,2.51475,1.952,26,0.18059999,USD
BKNG,0y,10.45361,10.147,10.8,9.1224,32,0.1459,USD
BKNG,+1y,12.37827,11.423,13.24859,10.45361,32,0.1841,USD
CMG,0q,0.29048,0.28,0.30258,0.29,32,0.0017,USD
CMG,+1q,0.28379,0.2592,0.31,0.25,32,0.13520001,USD
CMG,0y,1.14963,1.1138,1.22,1.17,34,-0.0174,USD
CMG,+1y,1.36869,1.27,1.4501,1.14963,34,0.19049999,USD
ABNB,0q,2.84522,2.6,3.17,2.21,32,0.2874,USD
ABNB,+1q,0.83575,0.71,1.02,0.56,31,0.49240002,USD
ABNB,0y,5.29754,5.0,5.74,4.03,38,0.3145,USD
ABNB,+1y,6.24883,5.51,8.09,5.29754,38,0.17959999,USD
ORLY,0q,0.92521,0.9,0.95,0.85,20,0.0885,USD
ORLY,+1q,0.77541,0.75,0.8,0.71,20,0.0921,USD
ORLY,0y,3.27959,3.22,3.32059,2.97,23,0.1042,USD
ORLY,+1y,3.64766,3.53,3.74628,3.27959,23,0.1122,USD
ROST,0q,1.83298,1.8,1.90057,1.58,10,0.1601,USD
ROST,+1q,2.25257,2.2,2.33025,2.0,10,0.1263,USD
ROST,0y,8.7758,8.7,8.91876,6.61,11,0.32770002,USD
ROST,+1y,8.95629,8.44723,9.50829,8.7758,12,0.020599999,USD
UBER,0q,0.90921,0.79,1.133,3.11,30,-0.7076,USD
UBER,+1q,1.00144,0.63,1.279,0.14,29,6.1531,USD
UBER,0y,3.18081,2.43,3.715,4.73,37,-0.3275,USD
UBER,+1y,4.53785,3.15,6.01,3.18081,38,0.4266,USD
TTWO,0q,-0.87646,-1.14,-0.77461,-0.73,10,-0.2006,USD
TTWO,+1q,1.82315,0.82,3.09,-0.5,9,4.6463,USD
TTWO,0y,1.84245,0.73,3.27,-1.62,12,2.1373,USD
TTWO,+1y,5.2872,2.03,8.48,1.84245,15,1.8697,USD
GOOGL,0q,3.02513,2.65,3.68,2.87,43,0.0541,USD
GOOGL,+1q,3.35022,3.03,4.09232,2.82,39,0.188,USD
GOOGL,0y,20.63359,19.89,21.92,10.81,53,0.90879995,USD
GOOGL,+1y,14.94959,13.67,17.21393,20.63359,53,-0.2755,USD
META,0q,6.25261,2.88,7.64,1.05,44,4.9549,USD
META,+1q,8.26407,6.84,9.66,8.88,43,-0.0694,USD
META,0y,31.04905,27.7,33.65,23.49,55,0.3218,USD
META,+1y,34.08393,28.77952,42.0,31.04905,54,0.09770001,USD
NFLX,0q,0.82268,0.79,0.87,0.587,35,0.40150002,USD
NFLX,+1q,0.72752,0.67,0.82,0.56,33,0.2991,USD
NFLX,0y,3.5833,3.51,3.69,2.53,41,0.4163,USD
NFLX,+1y,3.80133,3.48,4.09,3.5833,45,0.0608,USD
DIS,0q,1.68896,1.56,1.93,1.11,23,0.5216,USD
DIS,+1q,1.95056,1.77,2.18,1.63,10,0.1967,USD
DIS,0y,6.92509,6.71,7.19,5.93,29,0.16780001,USD
DIS,+1y,7.47509,7.09,7.7,6.92509,29,0.0794,USD
CMCSA,0q,0.98563,0.91,1.06,1.12,20,-0.12,USD
CMCSA,+1q,0.67272,0.524,0.77091,0.84,17,-0.1991,USD
CMCSA,0y,3.48149,3.26806,3.66,4.31,23,-0.19219999,USD
CMCSA,+1y,3.58526,3.16,4.11,3.48149,21,0.0298,USD
TMUS,0q,2.90584,2.67,3.1,2.41,18,0.2057,USD
TMUS,+1q,2.76825,2.42,3.14,1.88,17,0.4725,USD
TMUS,0y,10.95136,10.35,11.46,9.72,22,0.1267,USD
TMUS,+1y,13.93877,11.5,16.6,10.95136,22,0.2728,USD
LLY,0q,9.99997,9.41,11.30501,7.02,16,0.42450002,USD
LLY,+1q,10.05131,9.15,11.46,7.54,17,0.33310002,USD
LLY,0y,36.77256,31.33,40.77,24.21,27,0.5189,USD
LLY,+1y,47.60245,40.73346,54.94,36.77256,27,0.2945,USD
UNH,0q,4.14953,3.9,4.56,2.92,23,0.42110002,USD
UNH,+1q,2.10253,1.64,2.53,2.11,23,-0.0034999999,USD
UNH,0y,19.86738,19.51,20.11,16.35,25,0.2151,USD
UNH,+1y,22.61019,20.37812,24.5,19.86738,26,0.1381,USD
ISRG,0q,2.64065,2.53,2.76,2.4,24,0.1003,USD
ISRG,+1q,2.84362,2.72,3.02,2.53,24,0.124,USD
ISRG,0y,10.80045,10.66,11.08,8.93,27,0.20950001,USD
ISRG,+1y,12.11179,11.28,12.72,10.80045,27,0.121400006,USD
AMGN,0q,5.78877,5.48,6.16412,5.64,27,0.026400002,USD
AMGN,+1q,5.80893,5.19,6.29454,5.29,27,0.09810001,USD
AMGN,0y,23.05444,22.47,23.8952,21.84,33,0.0556,USD
AMGN,+1y,24.47321,22.88,26.33,23.05444,33,0.0615,USD
GILD,0q,2.1501,1.90438,2.68,2.47,22,-0.1295,USD
GILD,+1q,2.1873,1.92,3.13,1.86,20,0.176,USD
GILD,0y,-0.42566,-0.618,-0.02,8.15,27,-1.0522,USD
GILD,+1y,9.90847,9.185,11.44,-0.42566,26,24.2779,USD
VRTX,0q,-1.2157,-29.51,5.06,4.8,12,-1.2533001,USD
VRTX,+1q,4.56311,4.04048,5.05,5.03,13,-0.0928,USD
VRTX,0y,16.17139,-2.72,19.31,18.4,15,-0.12109999,USD
VRTX,+1y,20.10614,17.7,22.89,16.17139,15,0.2433,USD
REGN,0q,16.02165,14.52968,17.68,11.83,22,0.3543,USD
REGN,+1q,17.16509,10.46659,24.48,11.44,21,0.5004,USD
REGN,0y,55.9544,43.42,64.58,44.31,27,0.2628,USD
REGN,+1y,50.6286,42.52,57.25,44.79123,9,0.1303,USD
MDT,0q,1.33184,1.32,1.34,1.36,24,-0.0207,USD
MDT,+1q,1.424,1.38,1.48,1.36,23,0.0471,USD
MDT,0y,5.97662,5.94,6.02,5.53,29,0.0808,USD
MDT,+1y,6.41455,6.24404,6.63,5.97662,29,0.0733,USD
SYK,0q,3.56199,3.44,3.79946,3.19,25,0.1166,USD
SYK,+1q,5.12907,4.98489,5.23,4.47,24,0.14739999,USD
SYK,0y,14.97374,14.89023,15.07272,13.63,28,0.0986,USD
SYK,+1y,16.69924,16.38,17.08,14.97374,28,0.115200005,USD
BSX,0q,0.75377,0.58,0.82,0.75,23,0.005,USD
BSX,+1q,0.83539,0.82,0.91,0.8,21,0.0442,USD
BSX,0y,3.25661,3.15,3.37,3.06,26,0.0643,USD
BSX,+1y,3.38218,3.19,3.62,3.25661,26,0.038599998,USD
DHR,0q,1.91629,1.89,1.99,1.89,20,0.0139,USD
DHR,+1q,2.58311,2.48,2.63,2.23,20,0.1583,USD
DHR,0y,8.50924,8.45,8.55,7.8,25,0.090900004,USD
DHR,+1y,9.29897,9.12,9.5047,8.50924,25,0.0928,USD
ELV,0q,4.68795,4.55,4.99,6.03,19,-0.2226,USD
ELV,+1q,2.43186,1.91,3.31,3.33,19,-0.2697,USD
ELV,0y,27.23282,26.99619,28.25,30.29,22,-0.1009,USD
ELV,+1y,29.58869,29.0,31.0,27.23282,22,0.0865,USD
V,0q,3.42922,3.18,3.48,2.98,31,0.1507,USD
V,+1q,3.62739,3.47,3.75047,3.17,28,0.1443,USD
V,0y,13.22816,13.1,13.5,11.47,39,0.1533,USD
V,+1y,15.0043,14.53,15.42195,13.22816,40,0.13430001,USD
MA,0q,5.15122,5.03,5.24188,4.38,30,0.1761,USD
MA,+1q,5.17032,5.02914,5.43,4.76,29,0.0862,USD
MA,0y,19.93029,19.64,20.2,17.01,37,0.1717,USD
MA,+1y,23.02481,22.28,23.55833,19.93029,38,0.15529999,USD
AXP,0q,4.59504,4.32367,5.59785,4.14,23,0.1099,USD
AXP,+1q,4.30368,4.06,4.5007,3.53,22,0.2192,USD
AXP,0y,17.71108,17.39852,18.69068,15.38,27,0.1516,USD
AXP,+1y,20.13088,19.25,20.50357,17.71108,27,0.1366,USD
PYPL,0q,1.3146,1.28,1.4,1.34,36,-0.019,USD
PYPL,+1q,1.345,1.25,1.42,1.23,34,0.0935,USD
PYPL,0y,5.39109,5.29,5.75,5.31,42,0.0153,USD
PYPL,+1y,5.78253,5.31206,6.08,5.39109,43,0.0726,USD
SPGI,0q,4.41313,4.26,4.58,4.73,21,-0.067,USD
SPGI,+1q,4.07444,3.885,4.28,4.3,21,-0.0525,USD
SPGI,0y,17.85539,17.537,18.77606,17.83,21,0.0014,USD
SPGI,+1y,20.18604,19.54,20.94,17.85539,24,0.1305,USD
BLK,0q,14.29206,13.5882,16.78,11.55,15,0.2374,USD
BLK,+1q,15.34758,14.83,16.01,13.16,12,0.16620001,USD
BLK,0y,56.08345,54.95,59.75,48.09,18,0.16620001,USD
BLK,+1y,64.11883,60.03,67.82,56.08345,18,0.1433,USD
GE,0q,1.9908,1.89883,2.09,1.66,17,0.1993,USD
GE,+1q,2.33709,2.11,2.7537,2.31,8,0.0117,USD
GE,0y,7.92362,7.82,8.15,6.37,22,0.2439,USD
GE,+1y,9.82637,9.04,10.88,8.7012,11,0.1293,USD
CAT,0q,6.93288,6.23,7.95814,4.95,21,0.40060002,USD
CAT,+1q,6.92918,6.01,7.84,5.16,21,0.3429,USD
CAT,0y,27.20879,24.26,29.15177,19.06,27,0.4275,USD
CAT,+1y,32.43104,28.58,36.23,27.20879,27,0.1919,USD
ETN,0q,3.5351,3.5,3.58,3.07,23,0.1515,USD
ETN,+1q,4.07614,3.9,4.22,3.33,21,0.2241,USD
ETN,0y,13.58051,13.25,14.12,12.07,26,0.1251,USD
ETN,+1y,16.2461,15.0,17.37274,13.58051,24,0.19629999,USD
HON,0q,2.17018,2.11,2.23328,5.64,17,-0.6152,USD
HON,+1q,2.4141,2.35,2.50434,5.18,16,-0.53400004,USD
HON,0y,8.30025,8.12,8.48116,19.56,24,-0.5757,USD
HON,+1y,9.84157,9.07,10.27,8.30025,24,0.1857,USD
CTAS,0q,1.36287,1.34,1.39,1.21,14,0.1263,USD
CTAS,+1q,1.34413,1.31,1.37,1.24,14,0.084,USD
CTAS,0y,5.54025,5.46,5.6177,4.94,18,0.12149999,USD
CTAS,+1y,6.16096,5.93359,6.44263,5.54025,18,0.111999996,USD
PH,0q,8.15241,8.07,8.29,7.22,14,0.1291,USD
PH,+1q,8.45751,8.24,8.68932,7.65,14,0.10560001,USD
PH,0y,35.47441,34.83,36.26,32.31,15,0.0979,USD
PH,+1y,39.43385,37.49642,41.06,35.47441,16,0.1116,USD
COST,0q,4.90156,4.70993,5.34,4.5,23,0.0892,USD
COST,+1q,5.11635,4.96698,5.32182,4.58,23,0.1171,USD
COST,0y,22.78224,22.1,23.87617,20.76,31,0.097399995,USD
COST,+1y,24.95769,23.29877,25.67,22.78224,28,0.0955,USD
WMT,0q,0.63529,0.62,0.67,0.62,35,0.0247,USD
WMT,+1q,0.78596,0.76,0.85,0.74,35,0.0621,USD
WMT,0y,2.88556,2.79903,3.08,2.64,39,0.093,USD
WMT,+1y,3.22354,3.09,3.56,2.88556,42,0.1171,USD
MNST,0q,0.29868,0.29,0.32,0.265,10,0.1271,USD
MNST,+1q,0.27644,0.26,0.29,0.23,10,0.2019,USD
MNST,0y,1.15142,1.09,1.175,0.97,11,0.187,USD
MNST,+1y,1.30711,1.24,1.355,1.15142,13,0.13520001,USD
PG,0q,1.89212,1.863,2.0,1.99,19,-0.049200002,USD
PG,+1q,1.88215,1.81192,1.93,1.88,19,0.0011,USD
PG,0y,6.97842,6.9,7.05,6.89,24,0.0128,USD
PG,+1y,7.39652,7.1,7.55,6.97842,24,0.059899997,USD
