ticker,period,current,7daysago,30daysago,60daysago,90daysago,currency
AAPL,0q,1.97865,1.97754,1.97656,1.97549,2.00836,USD
AAPL,+1q,2.90586,2.90313,2.89268,2.90908,2.94829,USD
AAPL,0y,8.82022,8.81945,8.81228,8.80411,8.7595,USD
AAPL,+1y,9.57579,9.57829,9.56691,9.55399,9.68261,USD
MSFT,0q,4.72336,4.72455,4.72455,4.72036,4.62242,USD
MSFT,+1q,4.82904,4.82158,4.82878,4.82335,4.7869,USD
MSFT,0y,19.76867,19.75972,19.75306,19.69383,19.38566,USD
MSFT,+1y,23.67732,23.67588,23.57328,23.4742,22.57701,USD
NVDA,0q,2.47325,2.47356,2.46983,2.34527,2.33883,USD
NVDA,+1q,2.74622,2.74295,2.74567,2.66044,2.64729,USD
NVDA,0y,9.31242,9.30713,9.30725,8.96139,8.93743,USD
NVDA,+1y,15.9146,15.68263,15.51906,12.83623,12.71023,USD
AVGO,0q,3.82763,3.82526,3.88103,3.87377,3.86088,USD
AVGO,+1q,4.07938,4.07566,4.13523,4.12974,4.12187,USD
AVGO,0y,11.65755,11.65601,11.62899,11.62543,11.6237,USD
AVGO,+1y,19.39382,19.3807,19.56806,19.55845,19.4616,USD
ORCL,0q,1.89379,1.89225,1.88946,1.88765,1.88765,USD
ORCL,+1q,2.02255,2.02218,2.06488,2.06091,2.06091,USD
ORCL,0y,8.1414,8.1414,8.06295,8.05139,8.04521,USD
ORCL,+1y,10.99719,10.99719,10.92613,10.89015,10.9216,USD
CRM,0q,3.4463,3.4463,3.42811,3.36353,3.36305,USD
CRM,+1q,3.5562,3.5562,3.54482,3.63633,3.63585,USD
CRM,0y,16.75426,16.75532,16.43587,14.13332,14.12753,USD
CRM,+1y,16.0207,16.00674,15.91451,15.51229,15.51387,USD
AMD,0q,1.92939,1.92579,1.92527,1.92529,1.81335,USD
AMD,+1q,2.65104,2.65183,2.65132,2.65274,2.58785,USD
AMD,0y,7.5868,7.57578,7.56794,7.56141,7.39229,USD
AMD,+1y,15.72189,15.57829,15.32884,15.32965,13.19926,USD
ADBE,0q,6.33138,6.33138,6.33212,6.31791,6.31849,USD
ADBE,+1q,6.76066,6.76066,6.73991,6.74252,6.73317,USD
ADBE,0y,24.48076,24.48076,24.41209,24.4109,24.42238,USD
ADBE,+1y,27.67328,27.67328,27.49816,27.48687,27.5285,USD
CSCO,0q,1.32432,1.32184,1.32228,1.14745,1.14693,USD
CSCO,+1q,1.22973,1.23021,1.23203,1.17546,1.17435,USD
CSCO,0y,5.14597,5.1466,5.14455,4.78315,4.76427,USD
CSCO,+1y,5.62092,5.62188,5.60226,5.28038,5.24655,USD
INTU,0q,2.63936,2.71552,4.01395,4.03823,4.03814,USD
INTU,+1q,3.97829,4.05906,4.84675,4.83577,4.83366,USD
INTU,0y,23.94389,24.18045,27.25422,27.28849,27.28135,USD
INTU,+1y,27.07542,27.34542,30.78979,30.79903,30.90408,USD
AMAT,0q,4.05592,4.06032,4.06032,3.66942,3.61225,USD
AMAT,+1q,4.20406,4.19948,4.19781,3.8556,3.75073,USD
AMAT,0y,12.78556,12.7891,12.79441,12.31011,12.26283,USD
AMAT,+1y,18.4658,18.45951,18.45479,17.08771,16.52792,USD
QCOM,0q,2.15685,2.15685,2.15493,2.17734,2.36865,USD
QCOM,+1q,2.29722,2.29838,2.3003,2.34844,2.68896,USD
QCOM,0y,10.48422,10.48422,10.52244,10.54072,10.80199,USD
QCOM,+1y,10.19665,10.20401,10.21807,10.29695,11.00809,USD
TXN,0q,2.41539,2.41539,2.41539,2.14396,2.12382,USD
TXN,+1q,2.27793,2.27793,2.27793,2.02037,1.99959,USD
TXN,0y,8.50151,8.5058,8.5058,8.50003,7.68001,USD
TXN,+1y,10.13289,10.1005,10.1005,10.03407,8.89054,USD
NOW,0q,1.02553,1.02553,1.02553,1.02553,1.09053,USD
NOW,+1q,1.17044,1.17044,1.17044,1.17044,1.2092,USD
NOW,0y,4.06673,4.06673,4.06673,4.06764,4.12323,USD
NOW,+1y,5.00551,5.00551,5.00551,5.00619,5.02669,USD
PANW,0q,0.9715,0.9715,0.97043,0.93781,0.93723,USD
PANW,+1q,0.43088,0.43088,0.45629,0.47198,0.47198,USD
PANW,0y,4.1889,4.1889,4.19925,4.12645,4.12036,USD
PANW,+1y,2.21057,2.21057,2.23835,2.28608,2.28608,USD
SNPS,0q,4.12573,4.12618,4.1335,3.99687,3.99807,USD
SNPS,+1q,4.4565,4.33969,4.33521,4.3148,4.31045,USD
SNPS,0y,15.13856,15.13878,15.1419,14.76945,14.76849,USD
SNPS,+1y,18.58301,17.69317,17.51204,17.28051,17.2614,USD
CDNS,0q,2.04597,2.04569,2.04514,2.04514,1.93084,USD
CDNS,+1q,2.02606,2.02087,2.01865,2.01865,2.00319,USD
CDNS,0y,4.81101,4.80568,4.80568,4.80115,4.49978,USD
CDNS,+1y,9.5677,9.55762,9.54363,9.53712,9.39978,USD
KLAC,0q,1.17897,1.17852,1.17852,1.17852,1.13138,USD
KLAC,+1q,1.36195,1.36058,1.36058,1.36058,1.28553,USD
KLAC,0y,5.43753,5.42833,5.45272,5.4484,5.12081,USD
KLAC,+1y,6.74039,6.70539,6.68948,6.54928,6.14635,USD
LRCX,0q,2.17786,2.17786,2.17786,2.17786,1.81546,USD
LRCX,+1q,2.31003,2.30683,2.30683,2.30683,1.9723,USD
LRCX,0y,9.47481,9.46781,9.46256,9.45797,8.07374,USD
LRCX,+1y,11.76415,11.73954,11.57261,11.52522,9.93095,USD
MU,0q,38.21061,36.00891,34.89147,34.91812,34.81046,USD
MU,+1q,42.12014,39.04443,37.76854,37.81096,37.48482,USD
MU,0y,176.15115,162.09982,156.24937,156.32712,150.00752,USD
MU,+1y,206.33243,181.98302,171.02492,167.57413,163.34702,USD
ANET,0q,1.07669,1.07669,1.07656,1.07752,0.91297,USD
ANET,+1q,1.14768,1.14768,1.148,1.14817,0.96653,USD
ANET,0y,4.1121,4.1121,4.11262,4.11346,3.62724,USD
ANET,+1y,5.20199,5.20199,5.16028,5.14253,4.45434,USD
CRWD,0q,0.31101,0.31101,0.31112,0.31017,0.31035,USD
CRWD,+1q,0.35664,0.35664,0.35636,0.35311,0.35317,USD
CRWD,0y,1.25609,1.25609,1.25621,1.28061,1.27797,USD
CRWD,+1y,1.60591,1.60591,1.6045,1.62737,1.62764,USD
FTNT,0q,0.85724,0.85724,0.85739,0.76505,0.76451,USD
FTNT,+1q,0.87553,0.87553,0.87558,0.83017,0.8299,USD
FTNT,0y,3.45008,3.45008,3.45033,3.43913,3.15261,USD
FTNT,+1y,3.77777,3.77777,3.7711,3.75956,3.42591,USD
ADI,0q,3.84925,3.84925,3.84965,3.53773,3.49182,USD
ADI,+1q,3.78784,3.78784,3.79254,3.46398,3.41423,USD
ADI,0y,12.89498,12.89498,12.84498,12.43447,12.34056,USD
ADI,+1y,16.34812,16.34812,16.33678,15.06237,14.7813,USD
ADP,0q,2.76395,2.76328,2.77025,2.77682,2.7511,USD
ADP,+1q,2.91566,2.91699,2.91976,2.92697,2.91863,USD
ADP,0y,12.26218,12.25829,12.25722,12.25699,12.19167,USD
ADP,+1y,13.40122,13.39844,13.39844,13.39835,13.32702,USD
MSI,0q,4.43553,4.43553,4.44073,4.42793,4.42496,USD
MSI,+1q,5.49596,5.49596,5.48069,5.29039,5.28804,USD
MSI,0y,17.7246,17.7246,17.69282,16.98393,16.9762,USD
MSI,+1y,19.43068,19.43068,19.35942,18.53727,18.51922,USD
APH,0q,0.72449,0.72208,0.71847,0.71837,0.63118,USD
APH,+1q,0.74764,0.74077,0.73571,0.73533,0.65095,USD
APH,0y,2.67723,2.66904,2.65864,2.65839,2.41312,USD
APH,+1y,3.31739,3.28029,3.23901,3.22396,2.85788,USD
PLTR,0q,0.41367,0.41367,0.41452,0.41235,0.37339,USD
PLTR,+1q,0.46381,0.46381,0.4645,0.46015,0.42099,USD
PLTR,0y,1.62012,1.61155,1.60858,1.59479,1.47608,USD
PLTR,+1y,2.34416,2.32666,2.32597,2.29976,2.09448,USD
WDAY,0q,2.74439,2.74439,2.73428,2.6409,2.63255,USD
WDAY,+1q,2.94673,2.94673,2.93645,2.85625,2.84636,USD
WDAY,0y,11.07637,11.07637,11.06221,10.76117,10.72392,USD
WDAY,+1y,13.23298,13.23298,13.21274,12.64386,12.6402,USD
ADSK,0q,3.06793,3.06793,3.06822,3.15003,3.14995,USD
ADSK,+1q,3.1999,3.1999,3.20027,3.31416,3.31139,USD
ADSK,0y,12.61244,12.61244,12.59504,12.61216,12.60775,USD
ADSK,+1y,14.19939,14.19939,14.18783,14.25833,14.26438,USD
NXPI,0q,4.10412,4.10412,4.10412,4.10412,3.99152,USD
NXPI,+1q,4.31826,4.31826,4.31826,4.31826,4.20653,USD
NXPI,0y,15.0591,15.0591,15.0591,15.0591,14.80431,USD
NXPI,+1y,18.13491,18.09511,18.09511,18.09511,17.70982,USD
MCHP,0q,0.93406,0.93406,0.93426,0.79426,0.78711,USD
MCHP,+1q,0.94018,0.94018,0.94209,0.81164,0.80497,USD
MCHP,0y,3.64613,3.6468,3.6468,3.18916,3.16173,USD
MCHP,+1y,4.58355,4.56515,4.56515,4.18952,4.1127,USD
AMZN,0q,1.95204,1.94527,1.95471,1.954,1.91416,USD
AMZN,+1q,2.44288,2.43515,2.44328,2.44336,2.38074,USD
AMZN,0y,12.89234,12.87919,12.89499,12.65407,8.68583,USD
AMZN,+1y,10.5269,10.5028,10.50224,10.48322,9.98644,USD
TSLA,0q,0.45071,0.43895,0.45154,0.45385,0.54826,USD
TSLA,+1q,0.47891,0.48331,0.48823,0.4913,0.62853,USD
TSLA,0y,1.74178,1.75153,1.76884,1.7809,2.12063,USD
TSLA,+1y,2.14567,2.163,2.15858,2.16326,2.57462,USD
HD,0q,3.83787,3.8402,3.8402,3.95843,3.95576,USD
HD,+1q,2.8301,2.83477,2.83477,2.85107,2.84841,USD
HD,0y,15.02345,15.02198,15.02198,14.96413,14.95531,USD
HD,+1y,15.98951,16.0248,16.03774,16.11542,16.09225,USD
LOW,0q,2.86667,2.88345,2.88345,3.14066,3.14434,USD
LOW,+1q,1.97775,1.97454,1.97454,2.07717,2.07954,USD
LOW,0y,12.30642,12.31517,12.31517,12.48185,12.49718,USD
LOW,+1y,13.0,13.02812,13.03906,13.45106,13.47766,USD
NKE,0q,0.43689,0.44529,0.45371,0.45236,0.4486,USD
NKE,+1q,0.26513,0.41392,0.43587,0.43535,0.43443,USD
NKE,0y,1.28907,1.66263,1.72321,1.72383,1.73093,USD
NKE,+1y,1.65264,2.10291,2.23717,2.23778,2.26662,USD
SBUX,0q,0.69954,0.70133,0.69936,0.69936,0.67726,USD
SBUX,+1q,0.75159,0.75106,0.75295,0.75295,0.7641,USD
SBUX,0y,2.60031,2.5997,2.59046,2.59046,2.38343,USD
SBUX,+1y,3.12225,3.11392,3.11556,3.11404,3.00798,USD
MCD,0q,3.38055,3.38456,3.40226,3.39735,3.4492,USD
MCD,+1q,3.28566,3.28769,3.30335,3.30117,3.3662,USD
MCD,0y,12.88558,12.90037,12.92878,12.9284,12.97671,USD
MCD,+1y,13.79023,13.85705,13.97841,13.9943,14.21318,USD
BKNG,0q,4.48906,4.48791,4.49214,4.49143,4.54798,USD
BKNG,+1q,2.30458,2.30881,2.30958,2.30876,2.32554,USD
BKNG,0y,10.45361,10.44835,10.44865,10.44798,10.44033,USD
BKNG,+1y,12.37827,12.36832,12.37711,12.37639,12.30788,USD
CMG,0q,0.29048,0.29077,0.29048,0.29017,0.28903,USD
CMG,+1q,0.28379,0.28488,0.28472,0.28423,0.27807,USD
CMG,0y,1.14963,1.14963,1.14948,1.14951,1.1337,USD
CMG,+1y,1.36869,1.3713,1.36969,1.36838,1.35533,USD
ABNB,0q,2.84522,2.85962,2.84374,2.83688,2.75852,USD
ABNB,+1q,0.83575,0.83934,0.82207,0.81932,0.80053,USD
ABNB,0y,5.29754,5.31342,5.29333,5.28491,5.09471,USD
ABNB,+1y,6.24883,6.24489,6.18575,6.16164,6.05875,USD
ORLY,0q,0.92521,0.92495,0.92478,0.92478,0.90951,USD
ORLY,+1q,0.77541,0.77622,0.77647,0.77647,0.769,USD
ORLY,0y,3.27959,3.27957,3.27953,3.27953,3.25615,USD
ORLY,+1y,3.64766,3.64938,3.64938,3.64938,3.61759,USD
ROST,0q,1.83298,1.83258,1.82871,1.7272,1.7272,USD
ROST,+1q,2.25257,2.25235,2.24941,2.12382,2.12382,USD
ROST,0y,8.7758,8.67322,8.61629,7.80748,7.79597,USD
ROST,+1y,8.95629,8.91262,8.91088,8.58578,8.57529,USD
UBER,0q,0.90921,0.91568,0.95238,0.93454,0.917,USD
UBER,+1q,1.00144,1.00906,1.04877,1.00903,1.02688,USD
UBER,0y,3.18081,3.19237,3.24487,3.17591,3.01028,USD
UBER,+1y,4.53785,4.55688,4.65586,4.62856,4.46016,USD
TTWO,0q,-0.87646,-0.87646,-0.87646,-0.63083,-0.66071,USD
TTWO,+1q,1.82315,1.82315,1.82315,1.88718,1.93333,USD
TTWO,0y,1.84245,1.84245,1.91661,2.05205,1.75939,USD
TTWO,+1y,5.2872,5.2872,5.29187,5.43306,5.47361,USD
GOOGL,0q,3.02513,3.02456,3.00586,2.99845,3.00156,USD
GOOGL,+1q,3.35022,3.34909,3.33268,3.33216,3.28271,USD
GOOGL,0y,20.63359,20.63748,20.60302,20.5849,14.22321,USD
GOOGL,+1y,14.94959,14.95587,14.88002,14.76976,14.54476,USD
META,0q,6.25261,6.33807,6.53026,6.76256,7.04711,USD
META,+1q,8.26407,8.26384,8.22325,8.23063,8.49941,USD
META,0y,31.04905,31.16832,31.42919,31.80798,32.87935,USD
META,+1y,34.08393,34.06806,33.94275,33.98561,34.99368,USD
NFLX,0q,0.82268,0.82285,0.82233,0.8218,0.84195,USD
NFLX,+1q,0.72752,0.72792,0.72954,0.72953,0.73705,USD
NFLX,0y,3.5833,3.58364,3.58437,3.58253,3.59078,USD
NFLX,+1y,3.80133,3.80826,3.81626,3.81279,3.83084,USD
DIS,0q,1.68896,1.69386,1.68229,1.67411,1.78027,USD
DIS,+1q,1.95056,1.94646,1.89346,1.89829,1.92859,USD
DIS,0y,6.92509,6.92879,6.90849,6.87027,6.8236,USD
DIS,+1y,7.47509,7.48549,7.47471,7.46248,7.48462,USD
CMCSA,0q,0.98563,0.98613,1.00292,1.00292,1.02371,USD
CMCSA,+1q,0.67272,0.6709,0.70004,0.70004,0.72147,USD
CMCSA,0y,3.48149,3.48149,3.51572,3.51572,3.48987,USD
CMCSA,+1y,3.58526,3.58303,3.62223,3.62223,3.70769,USD
TMUS,0q,2.90584,2.90442,2.9015,2.9015,2.87478,USD
TMUS,+1q,2.76825,2.76942,2.76657,2.76657,2.6811,USD
TMUS,0y,10.95136,10.95095,10.94575,10.94575,10.42715,USD
TMUS,+1y,13.93877,13.93442,13.89549,13.89549,13.52205,USD
LLY,0q,9.99997,9.95585,9.87135,9.77917,9.45163,USD
LLY,+1q,10.05131,10.06249,9.97587,9.95581,9.92005,USD
LLY,0y,36.77256,36.93219,36.71121,36.42419,36.16,USD
LLY,+1y,47.60245,47.50949,47.25535,46.46127,44.80382,USD
UNH,0q,4.14953,4.14931,4.11844,4.11852,3.75567,USD
UNH,+1q,2.10253,2.10279,2.13627,2.13601,2.5729,USD
UNH,0y,19.86738,19.86706,19.81226,19.8121,18.42102,USD
UNH,+1y,22.61019,22.61019,22.43537,22.43544,20.97053,USD
ISRG,0q,2.64065,2.63898,2.64155,2.63773,2.58579,USD
ISRG,+1q,2.84362,2.84446,2.84422,2.84404,2.83398,USD
ISRG,0y,10.80045,10.79481,10.79481,10.79366,10.41883,USD
ISRG,+1y,12.11179,12.09124,12.07083,12.07083,11.78744,USD
AMGN,0q,5.78877,5.78099,5.78099,5.80412,5.7536,USD
AMGN,+1q,5.80893,5.80226,5.80226,5.82134,5.80563,USD
AMGN,0y,23.05444,23.05565,23.04146,22.95447,22.34826,USD
AMGN,+1y,24.47321,24.44897,24.40874,24.13093,23.44933,USD
GILD,0q,2.1501,2.1476,2.14415,2.15754,2.06054,USD
GILD,+1q,2.1873,2.18923,2.18923,2.1952,2.23965,USD
GILD,0y,-0.42566,-0.42627,-0.43062,-0.45938,-0.77187,USD
GILD,+1y,9.90847,9.88911,9.88806,9.8729,9.64802,USD
VRTX,0q,-1.2157,-1.21986,-2.348,4.9099,4.90386,USD
VRTX,+1q,4.56311,4.56311,4.61,4.91628,4.99396,USD
VRTX,0y,16.17139,16.17139,15.90154,19.04255,19.055,USD
VRTX,+1y,20.10614,20.10614,20.22846,21.65639,21.44613,USD
REGN,0q,16.02165,15.94478,15.99714,16.04549,13.041,USD
REGN,+1q,17.16509,15.52928,15.60878,15.66422,13.02614,USD
REGN,0y,55.9544,54.09866,53.54745,53.00495,46.04294,USD
REGN,+1y,50.6286,50.62527,50.38474,50.21303,48.10185,USD
MDT,0q,1.33184,1.33126,1.33126,1.34677,1.34716,USD
MDT,+1q,1.424,1.4235,1.42441,1.43193,1.4315,USD
MDT,0y,5.97662,5.97363,5.97209,5.94894,5.94759,USD
MDT,+1y,6.41455,6.40519,6.39948,6.41248,6.40548,USD
SYK,0q,3.56199,3.56929,3.58994,3.59536,3.68574,USD
SYK,+1q,5.12907,5.13748,5.15239,5.15197,5.18253,USD
SYK,0y,14.97374,14.98836,15.01589,15.01108,14.98296,USD
SYK,+1y,16.69924,16.71884,16.75493,16.75938,16.72475,USD
BSX,0q,0.75377,0.76549,0.80533,0.80533,0.83578,USD
BSX,+1q,0.83539,0.83771,0.83692,0.83692,0.89227,USD
BSX,0y,3.25661,3.26933,3.30364,3.30364,3.35958,USD
BSX,+1y,3.38218,3.41257,3.43293,3.43849,3.71097,USD
DHR,0q,1.91629,1.91302,1.91731,1.91731,2.068,USD
DHR,+1q,2.58311,2.58359,2.58326,2.58376,2.54333,USD
DHR,0y,8.50924,8.50701,8.50976,8.50914,8.525,USD
DHR,+1y,9.29897,9.302,9.29573,9.29878,9.28233,USD
ELV,0q,4.68795,4.66126,4.66488,4.66488,5.06922,USD
ELV,+1q,2.43186,2.43011,2.46811,2.46834,3.01637,USD
ELV,0y,27.23282,27.1665,27.16015,27.15838,26.9094,USD
ELV,+1y,29.58869,29.53956,29.60546,29.63423,29.32332,USD
V,0q,3.42922,3.42922,3.42922,3.43675,3.44547,USD
V,+1q,3.62739,3.62739,3.6281,3.62692,3.60722,USD
V,0y,13.22816,13.22816,13.22816,13.216,13.14545,USD
V,+1y,15.0043,15.0043,15.0043,14.9703,14.8744,USD
MA,0q,5.15122,5.15122,5.15122,5.14747,5.11363,USD
MA,+1q,5.17032,5.17032,5.17032,5.17032,5.21026,USD
MA,0y,19.93029,19.93029,19.93002,19.90758,19.65724,USD
MA,+1y,23.02481,23.02481,23.02197,23.00449,22.78688,USD
AXP,0q,4.59504,4.57732,4.58671,4.58265,4.68667,USD
AXP,+1q,4.30368,4.28595,4.28788,4.28744,4.35755,USD
AXP,0y,17.71108,17.68048,17.6721,17.67638,17.7076,USD
AXP,+1y,20.13088,20.14153,20.10854,20.1089,20.14206,USD
PYPL,0q,1.3146,1.3146,1.31491,1.31685,1.33224,USD
PYPL,+1q,1.345,1.345,1.34512,1.34604,1.36265,USD
PYPL,0y,5.39109,5.39109,5.38812,5.38171,5.30856,USD
PYPL,+1y,5.78253,5.78532,5.78777,5.78386,5.74825,USD
SPGI,0q,4.41313,4.4236,4.4256,4.4276,4.57965,USD
SPGI,+1q,4.07444,4.08157,4.08157,4.08907,4.27256,USD
SPGI,0y,17.85539,17.87293,17.87515,17.92348,17.68388,USD
SPGI,+1y,20.18604,20.21925,20.21925,20.23968,20.33729,USD
BLK,0q,14.29206,14.24677,14.30317,14.27767,13.93396,USD
BLK,+1q,15.34758,15.41009,15.43009,15.3587,14.89649,USD
BLK,0y,56.08345,56.25654,56.28456,56.2339,53.91857,USD
BLK,+1y,64.11883,64.28669,64.28437,64.11224,61.6667,USD
GE,0q,1.9908,1.98431,1.98645,1.98645,1.90874,USD
GE,+1q,2.33709,2.32959,2.24151,2.24151,2.23222,USD
GE,0y,7.92362,7.90889,7.91328,7.91328,7.564,USD
GE,+1y,9.82637,9.82364,9.71732,9.71732,9.63048,USD
CAT,0q,6.93288,6.91717,6.91717,6.89437,6.42071,USD
CAT,+1q,6.92918,6.91633,6.91633,6.89961,6.67529,USD
CAT,0y,27.20879,27.18657,27.18657,26.81023,24.69058,USD
CAT,+1y,32.43104,32.37734,32.37734,31.84531,30.25549,USD
ETN,0q,3.5351,3.5289,3.52658,3.52723,3.50481,USD
ETN,+1q,4.07614,4.06255,4.05061,4.04384,3.94987,USD
ETN,0y,13.58051,13.57111,13.5506,13.50587,13.35212,USD
ETN,+1y,16.2461,16.17807,16.06702,16.02188,15.77748,USD
HON,0q,2.17018,2.16621,2.16871,2.14638,2.22407,USD
HON,+1q,2.4141,2.41674,2.43608,2.43093,2.39426,USD
HON,0y,8.30025,8.30167,8.31046,8.29651,8.23699,USD
HON,+1y,9.84157,9.89069,9.95118,9.98128,9.6017,USD
CTAS,0q,1.36287,1.36158,1.35091,1.35316,1.36086,USD
CTAS,+1q,1.34413,1.345,1.35984,1.3621,1.37045,USD
CTAS,0y,5.54025,5.53639,5.49769,5.49119,5.43708,USD
CTAS,+1y,6.16096,6.1573,6.11397,6.09765,6.04974,USD
PH,0q,8.15241,8.13398,8.12852,8.12815,8.07762,USD
PH,+1q,8.45751,8.44774,8.44685,8.28123,8.21567,USD
PH,0y,35.47441,35.39692,35.31744,34.7272,34.10884,USD
PH,+1y,39.43385,39.31106,39.15954,38.11166,37.43667,USD
COST,0q,4.90156,4.90189,4.85385,4.86506,4.85969,USD
COST,+1q,5.11635,5.11667,5.08338,5.10325,5.09923,USD
COST,0y,22.78224,22.78399,22.67209,22.70401,22.67551,USD
COST,+1y,24.95769,24.95921,24.90843,24.9595,24.90189,USD
WMT,0q,0.63529,0.63531,0.63501,0.68276,0.68398,USD
WMT,+1q,0.78596,0.78481,0.78541,0.81325,0.81441,USD
WMT,0y,2.88556,2.88541,2.88652,2.89772,2.90208,USD
WMT,+1y,3.22354,3.22545,3.22995,3.27984,3.28577,USD
MNST,0q,0.29868,0.29768,0.29768,0.29336,0.29548,USD
MNST,+1q,0.27644,0.27544,0.27544,0.273,0.2651,USD
MNST,0y,1.15142,1.15096,1.15096,1.14945,1.13445,USD
MNST,+1y,1.30711,1.30904,1.30904,1.29707,1.27968,USD
PG,0q,1.89212,1.88687,1.88694,1.88694,1.94371,USD
PG,+1q,1.88215,1.8811,1.88086,1.88086,1.88673,USD
PG,0y,6.97842,6.97995,6.97974,6.99864,7.05206,USD
PG,+1y,7.39652,7.39995,7.3998,7.40283,7.4372,USD
