ticker,period,uplast7days,uplast30days,downlast30days,downlast7days,currency
AAPL,0q,1,7,14,0,USD
AAPL,+1q,0,1,2,1,USD
AAPL,0y,1,3,2,2,USD
AAPL,+1y,0,5,3,1,USD
MSFT,0q,1,17,5,0,USD
MSFT,+1q,0,0,2,2,USD
MSFT,0y,1,1,0,0,USD
MSFT,+1y,1,1,1,1,USD
NVDA,0q,0,35,2,0,USD
NVDA,+1q,0,27,10,0,USD
NVDA,0y,0,43,1,0,USD
NVDA,+1y,2,46,0,0,USD
AVGO,0q,0,9,24,1,USD
AVGO,+1q,7,8,19,21,USD
AVGO,0y,1,23,14,0,USD
AVGO,+1y,0,12,27,1,USD
ORCL,0q,16,15,13,4,USD
ORCL,+1q,5,5,23,24,USD
ORCL,0y,33,35,1,2,USD
ORCL,+1y,21,23,10,11,USD
CRM,0q,3,35,5,0,USD
CRM,+1q,2,6,32,1,USD
CRM,0y,3,48,0,0,USD
CRM,+1y,3,38,9,2,USD
AMD,0q,22,25,3,4,USD
AMD,+1q,0,23,10,1,USD
AMD,0y,1,4,1,0,USD
AMD,+1y,1,3,1,0,USD
ADBE,0q,17,17,5,5,USD
ADBE,+1q,11,11,12,12,USD
ADBE,0y,27,27,3,3,USD
ADBE,+1y,21,21,10,10,USD
CSCO,0q,1,18,0,0,USD
CSCO,+1q,0,0,2,1,USD
CSCO,0y,22,22,0,0,USD
CSCO,+1y,2,2,0,0,USD
INTU,0q,0,0,21,2,USD
INTU,+1q,0,2,19,2,USD
INTU,0y,1,4,25,1,USD
INTU,+1y,0,3,19,2,USD
AMAT,0q,0,25,0,0,USD
AMAT,+1q,18,21,0,1,USD
AMAT,0y,1,1,0,0,USD
AMAT,+1y,1,3,1,0,USD
QCOM,0q,0,0,0,0,USD
QCOM,+1q,0,0,0,0,USD
QCOM,0y,0,0,1,0,USD
QCOM,+1y,0,1,1,0,USD
TXN,0q,20,24,0,0,USD
TXN,+1q,21,24,0,0,USD
TXN,0y,24,25,0,0,USD
TXN,+1y,22,23,0,0,USD
NOW,0q,0,0,0,0,USD
NOW,+1q,0,0,0,0,USD
NOW,0y,0,0,0,0,USD
NOW,+1y,18,17,19,18,USD
PANW,0q,0,32,5,0,USD
PANW,+1q,0,2,3,0,USD
PANW,0y,0,37,10,2,USD
PANW,+1y,1,6,5,0,USD
SNPS,0q,16,15,0,0,USD
SNPS,+1q,1,11,4,0,USD
SNPS,0y,0,21,0,0,USD
SNPS,+1y,3,19,0,0,USD
CDNS,0q,16,16,1,2,USD
CDNS,+1q,10,10,6,7,USD
CDNS,0y,11,10,0,0,USD
CDNS,+1y,0,0,1,1,USD
KLAC,0q,18,20,1,3,USD
KLAC,+1q,18,19,1,2,USD
KLAC,0y,1,2,0,0,USD
KLAC,+1y,1,4,0,0,USD
LRCX,0q,21,22,0,0,USD
LRCX,+1q,21,22,0,0,USD
LRCX,0y,0,3,0,0,USD
LRCX,+1y,1,3,0,0,USD
MU,0q,4,6,1,1,USD
MU,+1q,3,6,1,1,USD
MU,0y,3,5,1,1,USD
MU,+1y,3,4,1,0,USD
ANET,0q,23,23,0,0,USD
ANET,+1q,23,23,0,0,USD
ANET,0y,0,0,0,0,USD
ANET,+1y,1,1,0,0,USD
CRWD,0q,0,16,11,0,USD
CRWD,+1q,0,25,11,0,USD
CRWD,0y,0,48,1,1,USD
CRWD,+1y,1,42,4,0,USD
FTNT,0q,37,36,0,0,USD
FTNT,+1q,37,36,0,0,USD
FTNT,0y,0,0,0,0,USD
FTNT,+1y,1,2,0,0,USD
ADI,0q,21,21,1,1,USD
ADI,+1q,21,21,0,0,USD
ADI,0y,23,23,1,1,USD
ADI,+1y,23,23,0,0,USD
ADP,0q,0,0,1,1,USD
ADP,+1q,0,0,1,1,USD
ADP,0y,1,1,0,0,USD
ADP,+1y,6,7,5,5,USD
MSI,0q,0,7,5,1,USD
MSI,+1q,1,13,0,1,USD
MSI,0y,0,12,0,1,USD
MSI,+1y,2,14,0,0,USD
APH,0q,1,5,2,0,USD
APH,+1q,1,3,1,0,USD
APH,0y,2,7,2,0,USD
APH,+1y,2,5,0,0,USD
PLTR,0q,2,22,0,0,USD
PLTR,+1q,2,20,0,0,USD
PLTR,0y,1,3,0,0,USD
PLTR,+1y,1,3,0,0,USD
WDAY,0q,1,30,5,0,USD
WDAY,+1q,1,31,4,0,USD
WDAY,0y,0,35,3,0,USD
WDAY,+1y,1,38,1,0,USD
ADSK,0q,1,1,20,20,USD
ADSK,+1q,0,1,25,1,USD
ADSK,0y,0,17,15,1,USD
ADSK,+1y,0,16,18,1,USD
NXPI,0q,14,17,2,5,USD
NXPI,+1q,16,19,1,3,USD
NXPI,0y,17,19,2,4,USD
NXPI,+1y,14,17,4,6,USD
MCHP,0q,16,16,0,0,USD
MCHP,+1q,16,16,0,0,USD
MCHP,0y,0,0,0,0,USD
MCHP,+1y,1,1,0,0,USD
AMZN,0q,1,4,1,0,USD
AMZN,+1q,1,4,2,1,USD
AMZN,0y,1,3,0,0,USD
AMZN,+1y,2,4,0,0,USD
TSLA,0q,1,1,4,3,USD
TSLA,+1q,2,2,3,2,USD
TSLA,0y,1,1,4,3,USD
TSLA,+1y,1,1,4,3,USD
HD,0q,1,1,28,27,USD
HD,+1q,1,11,18,1,USD
HD,0y,21,21,7,5,USD
HD,+1y,0,12,19,1,USD
LOW,0q,0,0,26,25,USD
LOW,+1q,4,4,23,22,USD
LOW,0y,4,3,26,23,USD
LOW,+1y,0,2,29,2,USD
NKE,0q,0,0,6,5,USD
NKE,+1q,1,1,6,5,USD
NKE,0y,1,1,7,5,USD
NKE,+1y,1,1,8,6,USD
SBUX,0q,1,1,0,0,USD
SBUX,+1q,8,6,7,5,USD
SBUX,0y,1,1,0,0,USD
SBUX,+1y,1,2,0,0,USD
MCD,0q,1,1,12,10,USD
MCD,+1q,1,2,9,8,USD
MCD,0y,1,2,14,11,USD
MCD,+1y,1,2,15,13,USD
BKNG,0q,1,1,1,0,USD
BKNG,+1q,1,1,0,0,USD
BKNG,0y,1,1,1,0,USD
BKNG,+1y,0,0,2,1,USD
CMG,0q,1,3,1,0,USD
CMG,+1q,1,2,0,0,USD
CMG,0y,2,3,1,0,USD
CMG,+1y,3,5,0,0,USD
ABNB,0q,3,6,0,0,USD
ABNB,+1q,3,5,0,0,USD
ABNB,0y,1,5,0,0,USD
ABNB,+1y,3,7,0,0,USD
ORLY,0q,1,1,0,0,USD
ORLY,+1q,0,0,1,1,USD
ORLY,0y,1,1,0,0,USD
ORLY,+1y,0,0,1,1,USD
ROST,0q,1,1,0,0,USD
ROST,+1q,1,2,0,0,USD
ROST,0y,0,0,1,1,USD
ROST,+1y,1,2,0,0,USD
UBER,0q,0,2,2,2,USD
UBER,+1q,1,3,1,1,USD
UBER,0y,1,4,1,1,USD
UBER,+1y,2,7,2,0,USD
TTWO,0q,0,3,6,1,USD
TTWO,+1q,1,5,2,0,USD
TTWO,0y,0,2,2,1,USD
TTWO,+1y,0,2,2,1,USD
GOOGL,0q,1,2,2,0,USD
GOOGL,+1q,1,3,2,0,USD
GOOGL,0y,2,5,3,0,USD
GOOGL,+1y,2,7,1,1,USD
META,0q,0,0,5,2,USD
META,+1q,3,3,2,1,USD
META,0y,2,3,9,3,USD
META,+1y,5,7,6,2,USD
NFLX,0q,1,3,2,0,USD
NFLX,+1q,1,3,1,0,USD
NFLX,0y,0,0,1,1,USD
NFLX,+1y,0,0,2,2,USD
DIS,0q,2,4,16,0,USD
DIS,+1q,2,2,6,6,USD
DIS,0y,1,5,0,0,USD
DIS,+1y,1,4,2,1,USD
CMCSA,0q,0,1,9,2,USD
CMCSA,+1q,0,1,9,3,USD
CMCSA,0y,0,1,10,3,USD
CMCSA,+1y,1,3,9,2,USD
TMUS,0q,1,1,1,1,USD
TMUS,+1q,2,2,1,1,USD
TMUS,0y,2,2,1,1,USD
TMUS,+1y,3,3,0,0,USD
LLY,0q,2,3,0,0,USD
LLY,+1q,2,3,0,0,USD
LLY,0y,2,4,2,0,USD
LLY,+1y,2,4,2,0,USD
UNH,0q,2,2,1,0,USD
UNH,+1q,0,1,2,2,USD
UNH,0y,1,2,0,0,USD
UNH,+1y,2,2,1,0,USD
ISRG,0q,2,21,2,0,USD
ISRG,+1q,1,12,9,1,USD
ISRG,0y,0,1,0,0,USD
ISRG,+1y,0,0,0,0,USD
AMGN,0q,0,13,10,3,USD
AMGN,+1q,0,11,12,3,USD
AMGN,0y,1,2,0,0,USD
AMGN,+1y,3,5,2,0,USD
GILD,0q,0,6,14,0,USD
GILD,+1q,0,3,16,0,USD
GILD,0y,1,2,0,0,USD
GILD,+1y,0,19,6,1,USD
VRTX,0q,0,0,2,0,USD
VRTX,+1q,0,0,2,0,USD
VRTX,0y,0,0,2,0,USD
VRTX,+1y,1,1,1,0,USD
REGN,0q,0,0,1,1,USD
REGN,+1q,1,1,0,0,USD
REGN,0y,1,2,1,0,USD
REGN,+1y,0,5,3,1,USD
MDT,0q,3,3,13,13,USD
MDT,+1q,0,3,12,0,USD
MDT,0y,1,22,2,0,USD
MDT,+1y,1,12,13,0,USD
SYK,0q,0,0,12,5,USD
SYK,+1q,1,1,8,3,USD
SYK,0y,1,1,11,4,USD
SYK,+1y,0,0,11,6,USD
BSX,0q,0,0,8,3,USD
BSX,+1q,0,1,4,1,USD
BSX,0y,0,0,8,3,USD
BSX,+1y,0,0,8,3,USD
DHR,0q,0,0,0,0,USD
DHR,+1q,0,0,1,0,USD
DHR,0y,1,1,0,0,USD
DHR,+1y,2,1,1,0,USD
ELV,0q,1,1,1,1,USD
ELV,+1q,0,0,2,1,USD
ELV,0y,0,0,1,0,USD
ELV,+1y,0,1,1,1,USD
V,0q,0,8,16,2,USD
V,+1q,2,22,4,0,USD
V,0y,2,30,6,0,USD
V,+1y,6,28,4,0,USD
MA,0q,1,22,5,0,USD
MA,+1q,9,9,18,17,USD
MA,0y,1,33,1,0,USD
MA,+1y,5,31,2,0,USD
AXP,0q,2,2,0,0,USD
AXP,+1q,0,0,2,2,USD
AXP,0y,1,1,1,1,USD
AXP,+1y,1,1,1,0,USD
PYPL,0q,0,11,18,2,USD
PYPL,+1q,0,10,16,1,USD
PYPL,0y,1,5,3,1,USD
PYPL,+1y,0,4,3,2,USD
SPGI,0q,1,1,1,0,USD
SPGI,+1q,0,0,2,1,USD
SPGI,0y,0,0,1,0,USD
SPGI,+1y,1,2,2,1,USD
BLK,0q,0,0,2,1,USD
BLK,+1q,0,0,1,1,USD
BLK,0y,0,2,1,1,USD
BLK,+1y,0,1,3,1,USD
GE,0q,0,0,0,0,USD
GE,+1q,1,5,1,0,USD
GE,0y,0,0,0,0,USD
GE,+1y,1,1,0,0,USD
CAT,0q,1,16,2,0,USD
CAT,+1q,0,15,3,1,USD
CAT,0y,0,24,0,1,USD
CAT,+1y,2,26,0,0,USD
ETN,0q,1,2,0,0,USD
ETN,+1q,1,4,0,0,USD
ETN,0y,1,3,0,0,USD
ETN,+1y,0,3,1,1,USD
HON,0q,1,2,1,0,USD
HON,+1q,0,0,2,1,USD
HON,0y,0,1,3,1,USD
HON,+1y,0,0,5,2,USD
CTAS,0q,6,5,2,2,USD
CTAS,+1q,2,2,8,9,USD
CTAS,0y,13,14,0,1,USD
CTAS,+1y,12,12,1,1,USD
PH,0q,0,0,1,1,USD
PH,+1q,0,0,0,0,USD
PH,0y,1,1,0,0,USD
PH,+1y,1,1,0,0,USD
COST,0q,11,12,3,3,USD
COST,+1q,8,9,6,6,USD
COST,0y,13,15,7,4,USD
COST,+1y,10,9,5,3,USD
WMT,0q,0,0,30,1,USD
WMT,+1q,1,3,27,0,USD
WMT,0y,0,12,16,1,USD
WMT,+1y,0,1,4,2,USD
MNST,0q,1,2,3,0,USD
MNST,+1q,2,6,0,0,USD
MNST,0y,2,8,1,0,USD
MNST,+1y,1,8,3,1,USD
PG,0q,3,0,12,8,USD
PG,+1q,2,3,8,5,USD
PG,0y,1,1,4,0,USD
PG,+1y,1,2,3,0,USD
