rebalance_date,next_date,portfolio,quarter_return,n_names
2021-09-30,2021-12-31,Q1,0.18806135997901818,14
2021-09-30,2021-12-31,Q2,0.12858054678748698,14
2021-09-30,2021-12-31,Q3,0.14648667179723285,13
2021-09-30,2021-12-31,Q4,0.18264840437492857,14
2021-09-30,2021-12-31,Q5,0.035385083996652966,14
2021-09-30,2021-12-31,Equal-weight universe,0.13608380094633676,69
2021-09-30,2021-12-31,IWF,0.11659591744474773,1
2021-12-31,2022-03-31,Q1,-0.08226703639715283,14
2021-12-31,2022-03-31,Q2,-0.11775803214694247,14
2021-12-31,2022-03-31,Q3,-0.058157572699624516,14
2021-12-31,2022-03-31,Q4,-0.13153100051078448,14
2021-12-31,2022-03-31,Q5,-0.042234977439400745,14
2021-12-31,2022-03-31,Equal-weight universe,-0.08638972383878096,70
2021-12-31,2022-03-31,IWF,-0.09014497118653653,1
2022-03-31,2022-06-30,Q1,-0.10969190823161934,15
2022-03-31,2022-06-30,Q2,-0.17625687625992092,14
2022-03-31,2022-06-30,Q3,-0.15463956630278353,14
2022-03-31,2022-06-30,Q4,-0.2024110984598957,14
2022-03-31,2022-06-30,Q5,-0.22450185732030192,14
2022-03-31,2022-06-30,Equal-weight universe,-0.17260155211654826,71
2022-03-31,2022-06-30,IWF,-0.2109679115364349,1
2022-06-30,2022-09-30,Q1,-0.02618584425879078,15
2022-06-30,2022-09-30,Q2,-0.017048313151745265,14
2022-06-30,2022-09-30,Q3,-0.04412385149693909,14
2022-06-30,2022-09-30,Q4,0.017619423414092505,14
2022-06-30,2022-09-30,Q5,-0.00719833106603196,15
2022-06-30,2022-09-30,Equal-weight universe,-0.015423625099397653,72
2022-06-30,2022-09-30,IWF,-0.035362302593460515,1
2022-09-30,2022-12-31,Q1,0.131734813990928,15
2022-09-30,2022-12-31,Q2,0.104825657087948,14
2022-09-30,2022-12-31,Q3,0.060723246602996994,14
2022-09-30,2022-12-31,Q4,0.10968482215203057,14
2022-09-30,2022-12-31,Q5,0.1328715360278636,15
2022-09-30,2022-12-31,Equal-weight universe,0.10864399183449347,72
2022-09-30,2022-12-31,IWF,0.02081933765897248,1
2022-12-31,2023-03-31,Q1,0.20369743623307568,15
2022-12-31,2023-03-31,Q2,0.07669137940047932,14
2022-12-31,2023-03-31,Q3,0.10675644241932258,15
2022-12-31,2023-03-31,Q4,0.155964069480242,14
2022-12-31,2023-03-31,Q5,0.23160146244668067,15
2022-12-31,2023-03-31,Equal-weight universe,0.1560000876824148,73
2022-12-31,2023-03-31,IWF,0.14297426502726607,1
2023-03-31,2023-06-30,Q1,0.18819025859737293,15
2023-03-31,2023-06-30,Q2,0.09349273222274102,15
2023-03-31,2023-06-30,Q3,0.08340010943400289,14
2023-03-31,2023-06-30,Q4,0.09649213816283364,15
2023-03-31,2023-06-30,Q5,0.04786365270408388,15
2023-03-31,2023-06-30,Equal-weight universe,0.10213761158623647,74
2023-03-31,2023-06-30,IWF,0.12793129269210501,1
2023-06-30,2023-09-30,Q1,-0.03969955538075609,15
2023-06-30,2023-09-30,Q2,-0.024757486239304294,15
2023-06-30,2023-09-30,Q3,-0.023388363636696607,15
2023-06-30,2023-09-30,Q4,-0.0207064751530599,15
2023-06-30,2023-09-30,Q5,0.017602892081082233,15
2023-06-30,2023-09-30,Equal-weight universe,-0.01818979766574691,75
2023-06-30,2023-09-30,IWF,-0.031542920450719714,1
2023-09-30,2023-12-31,Q1,0.17621904611738426,15
2023-09-30,2023-12-31,Q2,0.11782215761030446,15
2023-09-30,2023-12-31,Q3,0.13601378386438223,15
2023-09-30,2023-12-31,Q4,0.13639086809592849,15
2023-09-30,2023-12-31,Q5,0.19437279117000839,15
2023-09-30,2023-12-31,Equal-weight universe,0.1521637293716016,75
2023-09-30,2023-12-31,IWF,0.1420490586656562,1
2023-12-31,2024-03-31,Q1,0.07708751470434039,16
2023-12-31,2024-03-31,Q2,0.08912467237195387,15
2023-12-31,2024-03-31,Q3,0.14081447252903567,15
2023-12-31,2024-03-31,Q4,0.113889109339951,15
2023-12-31,2024-03-31,Q5,0.17827109103006267,15
2023-12-31,2024-03-31,Equal-weight universe,0.1192748738728222,76
2023-12-31,2024-03-31,IWF,0.11321112304658465,1
2024-03-31,2024-06-30,Q1,0.05810813539621407,16
2024-03-31,2024-06-30,Q2,-0.006785637770478359,15
2024-03-31,2024-06-30,Q3,0.06849966156976617,15
2024-03-31,2024-06-30,Q4,0.0243817469018881,15
2024-03-31,2024-06-30,Q5,0.03560485797558144,15
2024-03-31,2024-06-30,Equal-weight universe,0.036253152585404846,76
2024-03-31,2024-06-30,IWF,0.08273363228962083,1
2024-06-30,2024-09-30,Q1,0.10020296070694723,16
2024-06-30,2024-09-30,Q2,0.09791564852252566,15
2024-06-30,2024-09-30,Q3,0.07873512061102028,15
2024-06-30,2024-09-30,Q4,-0.011197506463153872,15
2024-06-30,2024-09-30,Q5,0.06503387563725749,16
2024-06-30,2024-09-30,Equal-weight universe,0.06656608209822279,77
2024-06-30,2024-09-30,IWF,0.03135579916512299,1
2024-09-30,2024-12-31,Q1,-0.03891172637530116,16
2024-09-30,2024-12-31,Q2,0.07531346162541874,15
2024-09-30,2024-12-31,Q3,0.03615293197239322,15
2024-09-30,2024-12-31,Q4,-0.0314194084994317,15
2024-09-30,2024-12-31,Q5,0.0877623503631837,16
2024-09-30,2024-12-31,Equal-weight universe,0.025744347536127643,77
2024-09-30,2024-12-31,IWF,0.07088469819588172,1
2024-12-31,2025-03-31,Q1,-0.03357446287586485,16
2024-12-31,2025-03-31,Q2,-0.0024950723397418884,15
2024-12-31,2025-03-31,Q3,-0.009503631427173032,15
2024-12-31,2025-03-31,Q4,-0.050899763525302566,15
2024-12-31,2025-03-31,Q5,-0.044024987932816395,16
2024-12-31,2025-03-31,Equal-weight universe,-0.028377509380807298,77
2024-12-31,2025-03-31,IWF,-0.09986422008326434,1
2025-03-31,2025-06-30,Q1,0.06653593827499926,16
2025-03-31,2025-06-30,Q2,0.1022019443057649,15
2025-03-31,2025-06-30,Q3,0.1816469088764312,15
2025-03-31,2025-06-30,Q4,0.12862717501130705,15
2025-03-31,2025-06-30,Q5,0.2376789547880458,16
2025-03-31,2025-06-30,Equal-weight universe,0.14356595729754895,77
2025-03-31,2025-06-30,IWF,0.17697203283056306,1
2025-06-30,2025-09-30,Q1,0.06802886824022991,16
2025-06-30,2025-09-30,Q2,0.022710210468115832,15
2025-06-30,2025-09-30,Q3,0.040325118325878595,15
2025-06-30,2025-09-30,Q4,0.049518644421085334,15
2025-06-30,2025-09-30,Q5,0.02748043879494788,16
2025-06-30,2025-09-30,Equal-weight universe,0.041772188451805636,77
2025-06-30,2025-09-30,IWF,0.10425601849458266,1
2025-09-30,2025-12-31,Q1,0.03636185008402948,16
2025-09-30,2025-12-31,Q2,0.03192001752922202,15
2025-09-30,2025-12-31,Q3,0.023179953239164552,15
2025-09-30,2025-12-31,Q4,0.03956734787910188,15
2025-09-30,2025-12-31,Q5,0.01910058711478202,16
2025-09-30,2025-12-31,Equal-weight universe,0.029966347725887132,77
2025-09-30,2025-12-31,IWF,0.011461269523615147,1
2025-12-31,2026-03-31,Q1,-0.017515138283617837,16
2025-12-31,2026-03-31,Q2,-0.04743760221320614,15
2025-12-31,2026-03-31,Q3,-0.06660775545661013,15
2025-12-31,2026-03-31,Q4,-0.1169189539426575,15
2025-12-31,2026-03-31,Q5,-0.08720153524313146,16
2025-12-31,2026-03-31,Equal-weight universe,-0.06675235650149469,77
2025-12-31,2026-03-31,IWF,-0.09829869031408078,1
2026-03-31,2026-06-30,Q1,0.06407823623006803,16
2026-03-31,2026-06-30,Q2,0.2200887832648606,15
2026-03-31,2026-06-30,Q3,0.44259704664508925,15
2026-03-31,2026-06-30,Q4,0.03591705173072279,15
2026-03-31,2026-06-30,Q5,0.24066080085541186,16
2026-03-31,2026-06-30,Equal-weight universe,0.19941386776594472,77
2026-03-31,2026-06-30,IWF,0.1658475911551318,1
2026-06-30,2026-09-30,Q1,-0.038978700041979564,16
2026-06-30,2026-09-30,Q2,-0.004584264279177019,15
2026-06-30,2026-09-30,Q3,0.03414002280633466,15
2026-06-30,2026-09-30,Q4,0.06757424999284511,15
2026-06-30,2026-09-30,Q5,0.08359619472671698,16
2026-06-30,2026-09-30,Equal-weight universe,0.028192597957868104,77
2026-06-30,2026-09-30,IWF,0.009685939861923787,1
