ticker,name,sector,industry,market_cap,forward_pe,trailing_pe,peg_ratio,price,n_surprise_q,avg_surprise_8q,beat_rate_8q,realized_accel,last_report,rev90,rev30,breadth_30d,forward_accel,forward_growth,fy1_eps,fy2_eps,n_analysts_fy0,avg_surprise_w,rev90_w,breadth_w,realized_w,forward_w,forward_pe_use,peg_use,forward_pe_w,peg_w,surprise_z,revision_z,accel_z,value_z,n_factors,composite,rank,peer_percentile
NVDA,NVIDIA Corporation,Technology,Semiconductors,5565400481792,14.482299,29.1378,0.29,230.47999572753903,8,5.61318749623222,1.0,28.741850464696906,2026-08-26,14.703338646066806,1.3021424689125518,0.8235294117647058,0.0,70.89999999999999,9.31242,15.9146,51,5.61318749623222,14.703338646066806,0.8235294117647058,28.741850464696906,0.0,14.482299,0.29,14.482299,0.5125000000000001,0.330770073566245,2.0,0.8243595729372785,1.1902389003675884,4,2.4036350641131956,1.0,100.0
GOOGL,Alphabet Inc.,Communication Services,Internet Content & Information,4259564224512,23.10912,17.475664,1.24,348.2900085449219,8,15.978899450465146,1.0,57.655192309794366,2026-07-22,23.926596643615913,0.3079580000824722,0.03773584905660377,-67.55,-27.55,20.63359,14.94959,53,15.693349912421317,18.699513553568327,0.03773584905660377,57.655192309794366,-31.512501575,23.10912,1.24,23.10912,1.24,1.6826064461369106,1.2118799178774962,0.11688501471350687,0.31897824533837404,4,1.839781826251881,2.0,98.7012987012987
CRM,"Salesforce, Inc.",Technology,Software - Application,187392983040,14.21255,20.832113,0.8,227.69500732421875,8,12.281193030825541,0.875,39.241232701381115,2026-08-26,10.929967938368314,1.3022090973984206,0.9230769230769231,-38.2,-4.38,16.75426,16.0207,52,12.281193030825541,10.929967938368314,0.9218702865761689,39.241232701381115,-31.512501575,14.21255,0.8,14.21255,0.8,0.8415688628754635,1.963342911776421,-0.569383507298153,1.0394664311294561,4,1.809031607393543,3.0,97.40259740259741
AMZN,"Amazon.com, Inc.",Consumer Cyclical,Internet Retail,2740370800640,24.273798,20.439259,1.52,254.05999755859372,8,20.863970588235293,0.875,66.82021062727088,2026-07-30,26.920753603980092,0.10712821687064819,0.058823529411764705,-58.35,-18.35,12.89234,10.5269,51,15.693349912421317,18.699513553568327,0.058823529411764705,62.92925951675855,-31.512501575,24.273798,1.52,24.273798,1.52,1.2991684124670795,1.248090450719584,0.3134438420425176,0.09704811164835786,4,1.6327994349521304,4.0,96.1038961038961
MCHP,Microchip Technology Incorporated,Technology,Semiconductors,41008017408,16.47631,111.058815,0.24,75.5199966430664,8,4.429295026678748,0.875,61.956521739130444,2026-08-06,13.384704828967438,0.19234064865272452,0.0,-14.290000000000003,25.71,3.64613,4.58355,25,4.429295026678748,13.384704828967438,0.0,61.956521739130444,-14.290000000000003,16.47631,0.24,16.47631,0.5125000000000001,-0.2114381103726479,0.6226015749706557,1.2527694652771406,1.0853397542691425,4,1.516987731816497,5.0,94.8051948051948
MU,"Micron Technology, Inc.",Technology,Semiconductors,1169870553088,5.020248,13.935692,0.16,1035.8399658203125,8,13.644659078601808,1.0,0.0,2026-09-30,21.871802884466028,16.69092432823506,0.1111111111111111,-22.87,17.130000000000003,176.15115,206.33243,36,13.644659078601808,18.699513553568327,0.1111111111111111,0.0,-22.87,5.020248,0.16,10.882762,0.5125000000000001,1.4078594062616967,1.3378756315678015,-1.5423026789111864,1.3796001213687565,4,1.4246396237156158,6.0,93.5064935064935
TMUS,"T-Mobile US, Inc.",Communication Services,Telecom Services,183759372288,11.865939,17.900732,0.59,171.30999755859375,8,8.314466381058446,0.875,16.7797405004597,2026-07-23,4.054568853620803,0.18136036742251935,0.045454545454545456,14.609999999999998,27.279999999999998,10.95136,13.93877,22,8.314466381058446,4.054568853620803,0.045454545454545456,16.7797405004597,14.609999999999998,11.865939,0.59,11.865939,0.59,0.30959674339965126,-0.22007107571389706,1.206136427300644,1.2834096893273839,4,1.4224394171987258,7.0,92.20779220779221
ORCL,Oracle Corporation,Technology,Software - Infrastructure,410935099392,12.324312,21.246864,0.81,135.55499267578125,8,6.234993991103772,0.625,-10.390156062424971,2026-09-10,0.9438664853814142,0.8116682320223871,0.918918918918919,28.38,35.08,8.1414,10.99719,37,6.234993991103772,0.9438664853814142,0.918918918918919,-10.390156062424971,28.38,12.324312,0.81,12.324312,0.81,-0.7361544349186241,0.9728179026796988,0.9735531048849252,1.1330633160572314,4,1.2914546436005383,8.0,90.9090909090909
NKE,"Nike, Inc.",Consumer Cyclical,Footwear & Accessories,51607052288,20.42598,16.704327,1.47,34.744998931884766,8,21.820887445887443,1.0,82.59782545496832,2026-10-01,-26.30761415908353,-25.66088928897843,-0.17647058823529413,66.819998,28.199999999999996,1.28907,1.65264,34,15.693349912421317,-6.908091183816332,-0.17647058823529413,62.92925951675855,32.29249945000001,20.42598,1.47,20.42598,1.47,1.6826064461369106,-1.6829746423225254,2.0,0.328159926546481,4,1.2828508155992642,9.0,89.6103896103896
TXN,Texas Instruments Incorporated,Technology,Semiconductors,263197999104,27.074127,43.86606,1.06,288.20001220703125,8,8.40296461082988,0.75,42.32523492211943,2026-07-22,12.335221257171302,0.13512051061697983,0.9259259259259259,-20.810000000000002,19.189999999999998,8.50151,10.13289,27,8.40296461082988,12.335221257171302,0.9218702865761689,42.32523492211943,-20.810000000000002,27.074127,1.06,27.074127,1.06,-0.06197291742323026,2.0,0.15180331044321024,0.21367200297871453,4,1.2693578456477668,10.0,88.31168831168831
WDAY,"Workday, Inc.",Technology,Software - Application,45262209024,14.192571,38.25051,0.56,187.80999755859372,8,6.842448586746993,1.0,-3.840127866811127,2026-08-27,3.9881095145254495,0.14059442084874318,0.7804878048780488,-0.5300010000000022,19.469998999999998,11.07637,13.23298,41,6.842448586746993,3.9881095145254495,0.7804878048780488,-3.840127866811127,-0.5300010000000022,14.192571,0.56,14.192571,0.56,0.49562454564051506,1.035526701530324,-0.41995802066497845,1.1782258649008568,4,1.2615344280586345,11.0,87.01298701298701
ADI,"Analog Devices, Inc.",Technology,Semiconductors,196699652096,24.830378,48.210213,0.63,405.9299926757813,8,4.86786710426221,1.0,24.53506161885901,2026-08-19,7.546339861109628,0.22933552490214132,0.7586206896551724,-13.220000000000004,26.779999999999998,12.89498,16.34812,29,4.86786710426221,7.546339861109628,0.7586206896551724,24.53506161885901,-13.220000000000004,24.830378,0.63,24.830378,0.63,0.23081620640776335,1.349114130532394,-0.08127744552645262,0.5784366858579645,4,1.143583243751908,12.0,85.71428571428571
REGN,"Regeneron Pharmaceuticals, Inc.",Healthcare,Biotechnology,76142428160,12.0307865,18.288082,1.26,739.5700073242188,8,12.104349318655402,0.875,18.171838849051415,2026-07-30,13.389737034115742,2.4894905191276364,0.037037037037037035,-13.249999999999998,13.03,55.9544,50.6286,27,12.104349318655402,13.389737034115742,0.037037037037037035,18.171838849051415,-13.249999999999998,12.0307865,1.26,12.0307865,1.26,0.8178526019164071,0.6866960038217798,-0.320127299620124,0.8903015995756212,4,1.14226853384629,13.0,84.4155844155844
AMAT,"Applied Materials, Inc.",Technology,Semiconductor Equipment & Materials,404393459712,27.581255,43.96635,1.05,509.5700073242188,8,4.880860300457974,1.0,33.6299107329855,2026-08-13,7.993803234893049,-0.004755762618462514,0.03225806451612903,4.270002000000001,44.43,12.78556,18.4658,31,4.880860300457974,7.993803234893049,0.03225806451612903,33.6299107329855,4.270002000000001,27.581255,1.05,27.581255,1.05,0.2325587056342809,0.14600362936680825,1.2484090572713276,0.192731316872322,4,1.000602245353064,14.0,83.11688311688312
CAT,"Caterpillar, Inc.",Industrials,Farm & Heavy Construction Machinery,365979336704,24.559935,34.273354,1.51,796.1699829101562,8,7.067394603435791,0.625,53.656187803012024,2026-08-04,8.69483384759942,0.12379413474546916,0.8888888888888888,-20.810000000000002,19.189999999999998,27.20879,32.43104,27,7.067394603435791,8.69483384759942,0.8888888888888888,53.656187803012024,-20.810000000000002,24.559935,1.51,24.559935,1.51,-0.6245223621562551,1.6861397485064686,0.5740957696381935,0.08773312228859381,4,0.9471308282293619,15.0,81.81818181818183
UNH,UnitedHealth Group Incorporated,Healthcare,Healthcare Plans,332765331456,16.39659,23.841158,1.02,370.7300109863281,8,3.9570520557070568,0.625,92.48310378185344,2026-07-16,7.835279866553186,0.5287138022840504,0.08,-7.700000000000001,13.81,19.86738,22.61019,25,3.9570520557070568,7.835279866553186,0.08,62.92925951675855,-7.700000000000001,16.39659,1.02,16.39659,1.02,-1.0416460168724688,0.2123397520528008,1.6623167026766297,0.7983377127517463,4,0.8959693904275592,16.0,80.51948051948052
CSCO,"Cisco Systems, Inc.",Technology,Communication Equipment,452963794944,20.44186,34.501503,1.09,114.88999938964844,8,2.9326025666484634,1.0,6.560291068269794,2026-08-12,7.573633397236788,0.1803409448210339,0.7857142857142857,-9.610000000000001,9.229999999999999,5.14597,5.62092,28,2.9326025666484634,7.573633397236788,0.7857142857142857,6.560291068269794,-9.610000000000001,20.44186,1.09,20.44186,1.09,-0.02871939276976247,1.3983310752955784,-0.5466873341834085,0.5453628200505082,4,0.749836364486058,17.0,79.22077922077922
MSI,"Motorola Solutions, Inc.",Technology,Communication Equipment,74014613504,23.01695,35.215355,2.01,447.2349853515625,8,6.951789788531176,1.0,3.6671217066212876,2026-08-05,4.665111221049532,0.27385521281649894,2.4,-5.610000000000001,9.629999999999999,17.7246,19.43068,5,6.951789788531176,4.665111221049532,0.9218702865761689,3.6671217066212876,-5.610000000000001,23.01695,2.01,23.01695,2.01,0.5102881400837015,1.3451089074908062,-0.42793034998853047,-0.11798739630594443,4,0.7171680018197858,18.0,77.92207792207793
BLK,"BlackRock, Inc.",Financial Services,Asset Management,173133004800,16.618986,25.504787,0.9,1065.5899658203125,8,8.7142343914128,1.0,7.612578793737352,2026-07-15,3.9957582620705425,-0.3074107047745497,0.05555555555555555,-2.2900009999999997,14.330000000000002,56.08345,64.11883,18,8.7142343914128,3.9957582620705425,0.05555555555555555,7.612578793737352,-2.2900009999999997,16.618986,0.9,16.618986,0.9,0.7466471014224397,-0.208529808847745,-0.0928241419436138,0.855492301232608,4,0.7123384808790941,19.0,76.62337662337663
ADBE,Adobe Inc.,Technology,Software - Application,93816659968,8.710568,13.4589615,0.58,241.0500030517578,8,2.232359402636772,1.0,-0.20366522884814608,2026-09-10,0.38248535831209635,0.4590688286998119,0.7058823529411765,-3.870000000000001,13.04,24.48076,27.67328,34,2.232359402636772,0.38248535831209635,0.7058823529411765,-0.20366522884814608,-3.870000000000001,8.710568,0.58,10.882762,0.58,-0.12262801642791643,0.5516052588931543,-0.47362712517059985,1.3408696348756033,4,0.7098021887002852,20.0,75.32467532467533
APH,Amphenol Corporation,Technology,Electronic Components,210470273024,25.627243,42.675,1.01,85.3499984741211,8,13.453286816800084,1.0,-13.721500721500712,2026-07-29,13.511726858620452,1.5595524450618872,0.2777777777777778,-16.09,23.91,2.67723,3.31739,18,13.453286816800084,13.511726858620452,0.2777777777777778,-13.721500721500712,-16.09,25.627243,1.01,25.627243,1.01,1.3821947419910898,1.1121202459217232,-1.6696312885294375,0.31847763078021407,4,0.6247766932229077,21.0,74.02597402597402
MA,Mastercard Incorporated,Financial Services,Credit Services,503477927936,24.96177,31.613861,1.48,574.739990234375,8,4.862685218591579,1.0,3.783224522081177,2026-07-30,1.2166045566357913,0.006845391360359763,0.8648648648648649,-1.6400009999999994,15.529999,19.93029,23.02481,37,4.862685218591579,1.2166045566357913,0.8648648648648649,3.783224522081177,-1.6400009999999994,24.96177,1.48,24.96177,1.48,0.23012127102489582,0.9069140127258517,-0.19872044370584102,0.08380729579329685,4,0.5575382013139081,22.0,72.72727272727273
CMCSA,Comcast Corporation,Communication Services,Telecom Services,75266580480,5.915889,6.8419356,142.98,21.209999084472656,8,7.637708545160438,1.0,-15.911467889908257,2026-07-23,-1.7710897773706566,-0.9971345019920732,-0.391304347826087,22.199999,2.98,3.48149,3.58526,23,7.637708545160438,-1.7710897773706566,-0.3607142857142857,-15.911467889908257,22.199999,5.915889,,10.882762,,0.6022757376595784,-1.4924131449281797,0.417710021280231,1.3650669644626978,4,0.485609336170747,23.0,71.42857142857143
ELV,"Elevance Health, Inc.",Healthcare,Healthcare Plans,86977601536,13.577047,17.753874,1.31,401.05999755859375,8,7.002591532701651,0.625,15.305165431992734,2026-07-15,1.0534321124063137,0.10545807882293955,-0.045454545454545456,18.740000000000002,8.649999999999999,27.23282,29.58869,22,7.002591532701651,1.0534321124063137,-0.045454545454545456,15.305165431992734,18.740000000000002,13.577047,1.31,13.577047,1.31,-0.6332130106255681,-0.6723356253481748,1.3851268239222998,0.7802680618015828,4,0.46739231167401324,24.0,70.12987012987013
AMGN,Amgen Inc.,Healthcare,Drug Manufacturers - General,220275097600,16.645313,25.306831,2.43,407.4400024414063,8,10.883271923353036,1.0,4.444234833642116,2026-08-04,3.7631194142730013,0.16022996899230987,0.06060606060606061,0.5900000000000003,6.15,23.05444,24.47321,33,10.883271923353036,3.7631194142730013,0.06060606060606061,4.444234833642116,0.5900000000000003,16.645313,2.43,16.645313,2.43,1.0375336673411124,-0.22281484441738755,-0.04776560799525602,-0.023783713199539706,4,0.4025772026383183,25.0,68.83116883116884
BKNG,Booking Holdings Inc.,Consumer Cyclical,Travel Services,120198332416,12.923453,17.735033,0.87,159.97000122070312,8,9.036750313882939,0.875,-3.1781654522618497,2026-08-04,0.34955453642335627,0.02842119336458019,0.0,3.820000000000001,18.41,10.45361,12.37827,32,9.036750313882939,0.34955453642335627,0.0,-3.1781654522618497,3.820000000000001,12.923453,0.87,12.923453,0.87,0.40646122349447467,-0.6637443903802165,-0.14887908060789773,1.0671171434402902,4,0.35690616081997467,26.0,67.53246753246754
GILD,"Gilead Sciences, Inc.",Healthcare,Drug Manufacturers - General,182397419520,14.874949,,2.14,147.10000610351562,8,11.308354218615278,1.0,-54.008634216140436,2026-05-07,23.776462789265313,0.6791190786120778,0.07407407407407407,,2427.79,-0.42566,9.90847,27,11.308354218615278,18.699513553568327,0.07407407407407407,-24.272356476670613,,14.874949,2.14,14.874949,2.14,1.0945408547598816,1.2742777951336475,-2.0,0.23574765735561995,4,0.3255817316875043,27.0,66.23376623376623
PYPL,"PayPal Holdings, Inc.",Financial Services,Credit Services,47067455488,9.519954,10.400756,0.96,55.02000045776367,8,7.52049533777476,0.875,-7.852351466902557,2026-07-28,1.0755071515317296,-0.01770723315962219,0.047619047619047616,5.7299999999999995,7.26,5.39109,5.78253,42,7.52049533777476,1.0755071515317296,0.047619047619047616,-7.852351466902557,5.7299999999999995,9.519954,0.96,10.882762,0.96,0.2031184059717763,-0.5103366602481961,-0.21488792979769486,1.122831340543775,4,0.32344793373017816,28.0,64.93506493506493
ANET,"Arista Networks, Inc.",Technology,Computer Hardware,265929244672,40.532566,66.5142,1.61,210.8500061035156,8,10.929946947059682,1.0,11.209167544783982,2026-08-04,15.075971010583972,0.3978227323541407,0.0,-11.49,26.5,4.1121,5.20199,29,10.929946947059682,15.075971010583972,0.0,11.209167544783982,-11.49,40.532566,1.61,40.532566,1.61,1.0437931889769847,0.7895005657940443,-0.47992237705905155,-0.8099192527658803,4,0.2916321876971322,29.0,63.63636363636363
INTU,Intuit Inc.,Technology,Software - Application,81207681024,11.223464,18.461727,0.92,303.8800048828125,8,9.505850618351017,1.0,-1.0916504096761592,2026-08-25,-12.311167570309479,-12.10488044956257,-0.65625,14.42000005,13.08,23.94389,27.07542,32,9.505850618351017,-6.908091183816332,-0.3607142857142857,-1.0916504096761592,14.42000005,11.223464,0.92,11.223464,0.92,0.8528096377495886,-1.999347156802428,0.5293262021109163,1.1278593940508224,4,0.2734092086251271,30.0,62.33766233766234
AVGO,Broadcom Inc.,Technology,Semiconductors,1719175217152,18.569834,45.994892,0.37,360.1400146484375,8,2.5589923454478267,1.0,4.4705567521092116,2026-06-03,-0.028530108428681117,-0.32241875243338747,0.1875,0.0,66.36,11.65755,19.39382,48,2.5589923454478267,-0.028530108428681117,0.1875,4.4705567521092116,0.0,18.569834,0.37,18.569834,0.5125000000000001,-0.07882373289150982,-0.37909081907329567,-0.08020550799393611,0.9752055173283221,4,0.23254443222178958,31.0,61.038961038961034
MSFT,Microsoft Corporation,Technology,Software - Infrastructure,3880664432640,22.072176,29.114761,1.72,522.6099853515625,8,7.529597538852838,1.0,-0.02573572080531994,2026-07-29,3.4246623870120447,0.26018644153301845,0.029411764705882353,5.370001000000002,19.770001,19.76867,23.67732,34,7.529597538852838,3.4246623870120447,0.029411764705882353,-0.02573572080531994,5.370001000000002,22.072176,1.72,22.072176,1.72,0.5877771229976648,-0.3097797759206079,0.05640929286703522,0.09811207441144319,4,0.23000756046787746,32.0,59.74025974025974
SNPS,"Synopsys, Inc.",Technology,Software - Infrastructure,95387140096,26.78522,87.941696,2.71,497.75,8,4.0926526212803545,0.875,-1.548336450990745,2026-08-26,5.081127653477185,3.0467815130792153,1.0,5.49,22.75,15.13856,18.58301,21,4.0926526212803545,5.081127653477185,0.9218702865761689,-1.548336450990745,5.49,26.78522,2.71,26.78522,2.71,-0.2565847488272371,1.3861626005716656,0.006461009380551352,-0.7178746615179634,4,0.22203348290436317,33.0,58.44155844155844
CDNS,"Cadence Design Systems, Inc.",Technology,Software - Application,96068091904,36.46017,69.35188,2.75,348.8399963378906,8,5.72026106461059,1.0,14.592780775471265,2026-07-27,4.351492576919331,0.18156026779499876,0.7692307692307693,-1.0699999999999987,17.43,4.81101,9.5677,13,5.72026106461059,4.351492576919331,0.7692307692307693,14.592780775471265,-1.0699999999999987,36.46017,2.75,36.46017,2.75,0.34512955888984903,1.0520564588875754,0.2364281572786088,-1.249797171685074,4,0.20295326934968175,34.0,57.14285714285714
DIS,Walt Disney Company (The),Communication Services,Entertainment,184859082752,14.322235,22.074226,3.39,107.05999755859376,8,10.58186545923202,1.0,23.12205760585189,2026-08-05,0.6800051442662767,0.12268393277795128,0.1724137931034483,-8.840001,7.9399999999999995,6.92509,7.47509,29,10.58186545923202,0.6800051442662767,0.1724137931034483,23.12205760585189,-8.840001,14.322235,3.39,14.322235,3.39,0.9971124713024136,-0.3350756841965959,0.11416897556518826,-0.45240689055216665,4,0.16961259276073845,35.0,55.84415584415584
LRCX,Lam Research Corporation,Technology,Semiconductor Equipment & Materials,401194123264,27.251438,55.65798,1.55,320.5899963378906,8,6.468318935776786,1.0,-3.9419041790522913,2026-07-29,17.906441220843888,0.8922862664654184,0.1,-15.840001000000004,24.159999,9.47481,11.76415,30,6.468318935776786,17.906441220843888,0.1,-3.9419041790522913,-15.840001000000004,27.251438,1.55,27.251438,1.55,0.4454505455245623,1.2405336313748916,-1.2909948786533623,-0.07681045811145347,4,0.16649060837209342,36.0,54.54545454545454
AMD,"Advanced Micro Devices, Inc.",Technology,Semiconductors,1013244559360,39.478714,158.33673,0.66,620.6799926757812,8,3.8757675468143824,0.625,35.953289123786746,2026-08-04,10.871579877528596,1.4066650640319216,0.061224489795918366,0.0,107.23001000000001,7.5868,15.72189,49,3.8757675468143824,10.871579877528596,0.061224489795918366,35.953289123786746,0.0,39.478714,0.66,39.478714,0.66,-1.052546967780877,0.47973032419417255,1.0931221560750284,-0.20938341409127126,4,0.16245941522570942,37.0,53.246753246753244
FTNT,"Fortinet, Inc.",Technology,Software - Infrastructure,138745266176,50.05599,66.81979,2.11,189.1000061035156,8,16.536704627349565,1.0,27.542266712525326,2026-07-29,9.853114892987495,0.08481289305834819,0.0,-15.5,9.5,3.45008,3.77777,41,15.693349912421317,9.853114892987495,0.0,27.542266712525326,-15.5,50.05599,2.11,50.05599,2.11,1.6826064461369106,0.2740941651236064,-0.09835405010636926,-1.597811511875467,4,0.1344689017945285,38.0,51.94805194805194
ISRG,"Intuitive Surgical, Inc.",Healthcare,Medical Instruments & Supplies,146755239936,34.297985,47.63876,1.88,415.4100036621094,8,14.610719806218594,1.0,10.530503811059683,2026-07-16,3.2072245040836895,0.1957888827025216,0.037037037037037035,-8.810000399999998,12.1400006,10.80045,12.11179,27,14.610719806218594,3.2072245040836895,0.037037037037037035,10.530503811059683,-8.810000399999998,34.297985,1.88,34.297985,1.88,1.5374164486767121,-0.31814349677327186,-0.3534053261899571,-0.6368579412832479,4,0.11695624400541524,39.0,50.649350649350644
PLTR,Palantir Technologies Inc.,Technology,Software - Infrastructure,477679943680,84.64307,171.36208,1.66,198.77999877929688,8,14.702736166930539,0.875,10.71428571428572,2026-08-03,10.839568661012857,0.7497211240172219,0.10714285714285714,0.0,44.689997999999996,1.62012,2.34416,28,14.702736166930539,10.839568661012857,0.10714285714285714,10.71428571428572,0.0,84.64307,1.66,56.37987400000009,1.66,1.1663185994350815,0.5554197036918835,0.15249157279886244,-1.6722894983430951,4,0.10191897133029212,40.0,49.35064935064935
V,Visa Inc.,Financial Services,Credit Services,704233472000,25.000532,31.925106,1.68,375.1199951171875,8,3.352672759872649,1.0,3.050552650657423,2026-07-28,0.7512518129541019,0.0,0.6153846153846154,-1.8999989999999993,13.430000999999999,13.22816,15.0043,39,3.352672759872649,0.7512518129541019,0.6153846153846154,3.050552650657423,-1.8999989999999993,25.000532,1.68,25.000532,1.68,0.027615628709775242,0.43259876044447443,-0.24075407481061342,-0.032988857828442124,4,0.09332582982899841,41.0,48.05194805194805
ADSK,"Autodesk, Inc.",Technology,Software - Application,48822403072,16.45141,30.298315,0.78,233.6000061035156,8,6.077963267779046,1.0,4.513130468404242,2026-08-27,-0.2092055334547073,0.1098139509184616,0.05555555555555555,-8.34,12.58,12.61244,14.19939,36,6.077963267779046,-0.2092055334547073,0.05555555555555555,4.513130468404242,-8.34,16.45141,0.78,16.45141,0.78,0.39310049713734935,-0.6234876797910733,-0.5510429326156983,0.9331621876743654,4,0.07402775195893743,42.0,46.75324675324675
SBUX,Starbucks Corporation,Consumer Cyclical,Restaurants,106259398656,29.868011,53.878613,1.06,93.20999908447266,8,-2.2973475753947388,0.375,72.89589961117002,2026-07-29,6.449193004527007,0.2974849997047797,0.030303030303030304,-2.0100000000000007,20.07,2.60031,3.12225,33,0.36024848548695115,6.449193004527007,0.030303030303030304,62.92925951675855,-2.0100000000000007,29.868011,1.06,29.868011,1.06,-2.0,-0.009780002689060069,1.9846300284242246,0.06669385396243055,4,0.012817100771824954,43.0,45.45454545454545
DHR,Danaher Corporation,Healthcare,Diagnostics & Research,152871354368,23.386393,38.762924,1.29,217.4600067138672,8,6.96400874953059,0.875,1.3101612983874884,2026-07-21,-0.0028013499353539,0.014372041122854298,0.04,0.18999959999999871,9.28,8.50924,9.29897,25,6.96400874953059,-0.0028013499353539,0.04,1.3101612983874884,0.18999959999999871,23.386393,1.29,23.386393,1.29,0.12848877404957262,-0.6298302150934517,-0.1872274196830802,0.275702466252528,4,-0.23961238468182983,44.0,44.15584415584416
CRWD,"CrowdStrike Holdings, Inc.",Technology,Software - Infrastructure,269305118720,163.7763,5260.2,7.2,263.010009765625,8,8.929198595146875,0.75,39.149015235971774,2026-08-26,-1.5235760377194607,0.03916265029920811,0.9215686274509803,-6.849999999999995,27.85,1.25609,1.60591,51,8.929198595146875,-1.5235760377194607,0.9215686274509803,39.149015235971774,-6.849999999999995,163.7763,7.2,56.37987400000009,4.085,0.008599580430573262,0.7338735321068333,0.8242012466687053,-2.0,4,-0.2509777021377351,45.0,42.857142857142854
HON,Honeywell International Inc.,Industrials,Conglomerates,65479806976,20.992586,7.6264305,3.48,206.6000061035156,8,6.267509099296207,1.0,-40.54825898450175,2026-07-23,1.6331012165312897,-0.6121673156111358,-0.08333333333333333,58.57,18.57,8.30025,9.84157,24,6.267509099296207,1.6331012165312897,-0.08333333333333333,-24.272356476670613,32.29249945000001,20.992586,3.48,20.992586,3.48,0.4185202214170423,-0.6801754597078782,0.6778041706179304,-0.8549553948217915,4,-0.2540223538114221,46.0,41.55844155844156
ROST,"Ross Stores, Inc.",Consumer Cyclical,Apparel Retail,72239898624,25.097626,27.230953,2.06,225.1999969482422,8,8.437693685065263,0.875,39.97945426516855,2026-08-20,8.505707594061407,1.1804312773744434,-0.09090909090909091,-30.7100021,2.0599999,8.7758,8.95629,11,8.437693685065263,8.505707594061407,-0.09090909090909091,39.97945426516855,-30.7100021,25.097626,2.06,25.097626,2.06,0.32612258343797235,-0.014975626634622803,-0.4964127367412571,-0.25613498641558885,4,-0.2554635157424115,47.0,40.25974025974026
UBER,"Uber Technologies, Inc.",Technology,Software - Application,143479635968,15.8881855,15.404606,5.89,70.24500274658203,8,5.832449628844118,0.625,-4.155994000230767,2026-08-05,3.7033936491007227,-2.2544241813167174,0.08108108108108109,72.75,42.66,3.18081,4.53785,37,5.832449628844118,3.7033936491007227,0.08108108108108109,-4.155994000230767,32.29249945000001,15.8881855,5.89,15.8881855,4.085,-0.7901390919120371,-0.19355024490226236,1.4275194213589848,-0.9335675776031753,4,-0.2823150544161086,48.0,38.961038961038966
PANW,"Palo Alto Networks, Inc.",Technology,Software - Infrastructure,325972983808,81.67541,996.25,2.14,398.5,8,5.536214867751318,1.0,-16.386421002649072,2026-09-01,-0.8197935656378067,-0.7437826768086976,0.5094339622641509,30.909999600000006,40.25,4.1889,2.21057,53,5.536214867751318,-0.8197935656378067,0.5094339622641509,-16.386421002649072,30.909999600000006,81.67541,2.14,56.37987400000009,2.14,0.3204473828618039,0.09563123049697748,0.8933920266057102,-1.9477062911832985,4,-0.3648072773825141,49.0,37.66233766233766
AXP,American Express Company,Financial Services,Credit Services,207981920256,15.274196,18.688108,1.22,307.9800109863281,8,3.8082103438834047,0.875,-3.065616769659485,2026-07-24,-0.017926582077846087,0.16583537439642065,0.0,-1.5000000000000013,13.66,17.71108,20.13088,27,3.8082103438834047,-0.017926582077846087,0.0,-3.065616769659485,-1.5000000000000013,15.274196,1.22,15.274196,1.22,-0.2947309016972028,-0.7000084796709269,-0.44603897467555537,0.7426266147726724,4,-0.39809126905684716,50.0,36.36363636363637
PH,Parker-Hannifin Corporation,Industrials,Specialty Industrial Machinery,119364141056,24.001968,33.233498,3.3,946.489990234375,8,6.2343016567212475,1.0,2.3331429610818244,2026-08-06,4.669194506485975,0.5724740275746452,0.06666666666666667,1.3700000000000003,11.16,35.47441,39.43385,15,6.2343016567212475,4.669194506485975,0.06666666666666667,2.3331429610818244,1.3700000000000003,24.001968,3.3,24.001968,3.3,0.4140668181027479,-0.12299384050355677,-0.08226018847626974,-0.9099889724417245,4,-0.3997713770854326,51.0,35.064935064935064
LOW,"Lowe's Companies, Inc.",Consumer Cyclical,Home Improvement Retail,105955057664,14.526923,15.963653,1.17,188.8500061035156,8,2.915760491043243,1.0,-1.5446375265575691,2026-08-19,-2.5352556956401466,-0.18530602689316933,-0.71875,5.4199997,5.6399997,12.30642,13.0,32,2.915760491043243,-2.5352556956401466,-0.3607142857142857,-1.5446375265575691,5.4199997,14.526923,1.17,14.526923,1.17,-0.030978059788476016,-1.5678232264204393,0.002633657033499465,0.8106277332203723,4,-0.4466362694132504,52.0,33.76623376623377
LLY,Eli Lilly and Company,Healthcare,Drug Manufacturers - General,1043275055104,24.582262,39.272575,1.12,1169.9300537109375,8,9.114661396770748,0.75,-4.462125996449117,2026-08-05,3.9702179475092385,0.45081758700195174,0.07407407407407407,-10.550000000000004,29.45,36.77256,47.60245,27,9.114661396770748,3.9702179475092385,0.07407407407407407,-4.462125996449117,-10.550000000000004,24.582262,1.12,24.582262,1.12,0.03347173532674343,-0.179251282022589,-1.0107278356353646,0.31033470763736104,4,-0.4803183888735771,53.0,32.467532467532465
BSX,Boston Scientific Corporation,Healthcare,Medical Devices,60903874560,12.425419,17.01417,0.59,42.025001525878906,8,5.0748097011943205,1.0,-6.000000000000005,2026-07-29,-5.962457061404472,-1.4509551347316423,-0.3076923076923077,-2.570000199999999,3.8599998,3.25661,3.38218,26,5.0748097011943205,-5.962457061404472,-0.3076923076923077,-6.000000000000005,-2.570000199999999,12.425419,0.59,12.425419,0.59,0.258568986374658,-1.8149830298624934,-0.6160110672979673,1.253977066207873,4,-0.5204680850133789,54.0,31.16883116883117
ADP,"Automatic Data Processing, Inc.",Technology,Software - Application,107277189120,20.200218,24.746803,2.45,270.7300109863281,8,2.4542188857958656,1.0,4.294281877228273,2026-07-28,0.5675546670566816,0.030607314980298193,0.05555555555555555,-0.9800000000000003,9.29,12.26218,13.40122,18,2.4542188857958656,0.5675546670566816,0.05555555555555555,4.294281877228273,-0.9800000000000003,20.200218,2.45,20.200218,2.45,-0.09287475387606375,-0.5468347584554077,-0.142287747679784,-0.22227267359089745,4,-0.5681430090157445,55.0,29.87012987012987
SPGI,S&P Global Inc.,Financial Services,Financial Data & Stock Exchanges,118724804608,19.94495,24.51187,1.89,402.7300109863281,8,3.8436257017506628,0.75,-5.994964372722331,2026-07-28,0.11307930037214559,-0.13739697133930134,-0.047619047619047616,12.91,13.05,17.85539,20.18604,21,3.8436257017506628,0.11307930037214559,-0.047619047619047616,-5.994964372722331,12.91,19.94495,1.89,19.94495,1.89,-0.6734194316451815,-0.7688490908156141,0.26105012833379293,0.1124758285415849,4,-0.6039582056396158,56.0,28.57142857142857
QCOM,QUALCOMM Incorporated,Technology,Semiconductors,187950415872,17.2491,20.371527,0.8,176.00999450683594,8,3.9650678151284118,0.875,-20.6988050571503,2026-07-29,-5.156539389079347,-0.28642618373951445,-0.03225806451612903,10.11,-2.74,10.48422,10.19665,31,3.9650678151284118,-5.156539389079347,-0.03225806451612903,-20.6988050571503,10.11,17.2491,0.8,17.2491,0.8,-0.2736949673358769,-1.2624931731583369,-0.4455538531804835,0.8797223263651218,4,-0.6224439709118113,57.0,27.27272727272727
HD,"Home Depot, Inc. (The)",Consumer Cyclical,Home Improvement Retail,294757433344,18.477116,20.674599,1.51,295.44000244140625,8,1.0945646453185107,0.5,4.75146881057745,2026-08-18,-0.0914099243368775,-0.14547124835673325,0.4117647058823529,4.16,6.43,15.02345,15.98951,34,1.0945646453185107,-0.0914099243368775,0.4117647058823529,4.75146881057745,4.16,18.477116,1.51,18.477116,1.51,-1.8089682021680826,-0.0002017271718426156,0.1659093780144046,0.40773262027100265,4,-0.6966091565083595,58.0,25.97402597402597
TTWO,"Take-Two Interactive Software, Inc.",Communication Services,Electronic Gaming & Multimedia,39148093440,20.34265,,2.77,209.3699951171875,8,15.621962527910357,0.75,-23.018648018648015,2026-05-21,0.6576704708754959,-1.9787901832374097,0.0,0.0,186.97,1.84245,5.2872,12,15.621962527910357,0.6576704708754959,0.0,-23.018648018648015,0.0,20.34265,2.77,20.34265,2.77,0.9061567172886191,-0.6333386274816081,-1.1046986822205218,-0.41337680400065197,4,-0.7020139725393114,59.0,24.675324675324674
NOW,"ServiceNow, Inc.",Technology,Software - Application,144471883776,27.917236,87.3375,0.99,139.74000549316406,8,6.112158191377266,0.75,-13.123971504637504,2026-07-22,-0.8958178878918701,0.0,0.0,7.2200000000000015,23.080000000000002,4.06673,5.00551,44,6.112158191377266,-0.8958178878918701,0.0,-13.123971504637504,7.2200000000000015,27.917236,0.99,27.917236,0.99,-0.3691897371999487,-0.7866413081314017,-0.3269536459577801,0.2094834282238687,4,-0.7175926230039529,60.0,23.376623376623375
KLAC,KLA Corporation,Technology,Semiconductor Equipment & Materials,256720879616,29.337593,53.748634,1.89,196.72000122070312,8,4.131975846776148,1.0,-2.738820503498371,2026-07-28,7.924941052293617,0.24123456899289625,0.08,-16.040001,23.959999,5.43753,6.74039,25,4.131975846776148,7.924941052293617,0.08,-2.738820503498371,-16.040001,29.337593,1.89,29.337593,1.89,0.13212686718355277,0.2211877746637674,-1.2574863557498819,-0.3816439282238203,4,-0.7245444866538814,61.0,22.07792207792208
CTAS,Cintas Corporation,Industrials,Specialty Business Services,80350855168,32.64426,39.668636,3.07,201.1199951171875,8,2.7961289212956824,0.75,4.092988011149903,2026-09-23,1.8679759960205187,0.7713555223930143,0.7777777777777778,-0.9499993999999998,11.1999996,5.54025,6.16096,18,2.7961289212956824,1.8679759960205187,0.7777777777777778,4.092988011149903,-0.9499993999999998,32.64426,3.07,32.64426,3.07,-0.8138977483135215,0.8216523533402242,-0.14809035288283445,-1.2326643887750859,4,-0.7729763517288799,62.0,20.77922077922078
CMG,"Chipotle Mexican Grill, Inc.",Consumer Cyclical,Restaurants,41312731136,23.8531,29.951834,1.38,32.647499084472656,8,2.357886904761904,0.5,-12.32439335887611,2026-07-29,1.195435712016323,-0.029979921107536486,0.058823529411764705,20.789999,19.049999,1.14963,1.36869,34,2.357886904761904,1.195435712016323,0.058823529411764705,-12.32439335887611,20.789999,23.8531,1.38,23.8531,1.38,-1.639545834741647,-0.4792620847971741,0.47152617946813224,0.1995097134299842,4,-0.8145128899506074,63.0,19.480519480519483
SYK,Stryker Corporation,Healthcare,Medical Devices,106265083904,16.589977,28.70881,1.3,277.0400085449219,8,1.2122754947272176,0.875,-6.5902389515839435,2026-07-30,-0.10703250530245648,-0.3065412127393323,-0.35714285714285715,1.6600005000000002,11.5200005,14.97374,16.69924,28,1.2122754947272176,-0.10703250530245648,-0.35714285714285715,-6.5902389515839435,1.6600005000000002,16.589977,1.3,16.589977,1.3,-0.6428680650703892,-1.3220665587158271,-0.39839781500236565,0.6275043867087817,4,-0.9745309142259312,64.0,18.181818181818183
ABNB,"Airbnb, Inc.",Consumer Cyclical,Travel Services,97739784192,26.381203,37.18223,1.37,163.22999572753906,8,1.3685300362391377,0.375,30.437422379736596,2026-08-06,3.5592345614418077,0.5496486102309447,0.13157894736842105,-13.490001000000001,17.959999,5.29754,6.24883,38,1.3685300362391377,3.5592345614418077,0.13157894736842105,30.437422379736596,-13.490001000000001,26.381203,1.37,26.381203,1.37,-2.0,-0.12106429047287964,0.12340284650321365,0.0722513832452459,4,-1.0798456300532295,65.0,16.883116883116884
GE,GE Aerospace,Industrials,Aerospace & Defense,317089447936,33.583405,36.038914,3.93,305.6099853515625,8,13.468024078735196,1.0,-8.384129136648987,2026-07-16,3.394212727665635,0.6264447118968407,0.0,-11.46,12.93,7.92362,9.82637,22,13.468024078735196,3.394212727665635,0.0,-8.384129136648987,-11.46,33.583405,3.93,33.583405,3.93,1.3841711354154644,-0.3632887997440917,-1.20844415944008,-1.7755251755960282,4,-1.1007755490603937,66.0,15.584415584415584
META,"Meta Platforms, Inc.",Communication Services,Internet Content & Information,1836471812096,20.867945,27.162395,0.98,720.8900146484375,8,10.941170101713428,0.875,-15.357447526382256,2026-07-29,-4.083235521405718,-0.39678845093376347,-0.10909090909090909,-22.409998999999996,9.770001,31.04905,34.08393,55,10.941170101713428,-4.083235521405718,-0.10909090909090909,-15.357447526382256,-22.409998999999996,20.867945,0.98,20.867945,0.98,0.6618602767575338,-1.2885093458198287,-2.0,0.5860640700650502,4,-1.1438264686430701,67.0,14.285714285714285
PG,Procter & Gamble Company (The),Consumer Defensive,Household & Personal Products,349794467840,20.360928,22.749247,3.8,150.60000610351562,8,2.085848828924959,1.0,-1.6202167108902876,2026-07-29,-0.795606964843306,-0.031618700775233766,-0.125,4.709999700000001,5.9899997,6.97842,7.39652,24,2.085848828924959,-0.795606964843306,-0.125,-1.6202167108902876,4.709999700000001,20.360928,3.8,20.360928,3.8,-0.14227634294612174,-0.9913949051922245,-0.040401456841859675,-1.005336891302573,4,-1.2209449310830982,68.0,12.987012987012985
NFLX,"Netflix, Inc.",Communication Services,Entertainment,298013163520,18.801456,22.506289,1.17,71.56999969482422,8,0.7515958476361453,0.75,28.99146503797666,2026-07-16,-0.48931921032302234,-0.21053627643380937,-0.024390243902439025,-33.92,6.08,3.5833,3.80133,41,0.7515958476361453,-0.48931921032302234,-0.024390243902439025,28.99146503797666,-31.512501575,18.801456,1.17,18.801456,1.17,-1.088087196834488,-0.7884083564021865,-0.9513813532211794,0.5857569267555998,4,-1.2557811808752557,69.0,11.688311688311687
VRTX,Vertex Pharmaceuticals Incorporated,Healthcare,Biotechnology,127554215936,25.016403,29.309843,1.96,503.25,8,1.4768150524074093,0.5,-10.61320538851318,2026-08-03,-10.690627673463776,0.5461564254003117,-0.13333333333333333,36.439999,24.33,16.17139,20.10614,15,1.4768150524074093,-6.908091183816332,-0.13333333333333333,-10.61320538851318,32.29249945000001,25.016403,1.96,25.016403,1.96,-1.757705138896124,-1.6089018681227458,1.1868660795471155,-0.1944835810157495,4,-1.329166577559165,70.0,10.38961038961039
ORLY,"O'Reilly Automotive, Inc.",Consumer Cyclical,Auto Parts,69578719232,23.559092,27.304762,2.09,86.01000213623047,8,-0.8197922392199508,0.25,0.922462276452092,2026-07-29,0.7755424593491669,-0.0226508815418882,0.043478260869565216,0.7999999999999994,11.219999999999999,3.27959,3.64766,23,0.36024848548695115,0.7755424593491669,0.043478260869565216,0.922462276452092,0.7999999999999994,23.559092,2.09,23.559092,2.09,-2.0,-0.5470483523302138,-0.16712272251035185,-0.19241071624522826,4,-1.6248964115041584,71.0,9.090909090909092
MCD,McDonald's Corporation,Consumer Cyclical,Restaurants,167619051520,17.180925,19.242079,2.45,236.8699951171875,8,0.6552586666636762,0.625,1.0054349579293569,2026-08-04,-1.839008620894443,-0.8401785874620628,-0.375,1.3999998,7.0199996,12.88558,13.79023,32,0.6552586666636762,-1.839008620894443,-0.3607142857142857,1.0054349579293569,1.3999998,17.180925,2.45,17.180925,2.45,-1.484444874047001,-1.499115570936117,-0.13004308558379277,-0.06343640963798326,4,-1.775138638186376,72.0,7.792207792207792
COST,Costco Wholesale Corporation,Consumer Defensive,Discount Stores,420051156992,37.915676,45.660885,4.71,947.9199829101562,8,1.9204367509234608,0.75,2.4309555638593494,2026-09-24,0.3473816940918949,0.34180200470708894,0.25806451612903225,-0.18999950000000015,9.55,22.78224,24.95769,31,1.9204367509234608,0.3473816940918949,0.25806451612903225,2.4309555638593494,-0.18999950000000015,37.915676,4.71,37.915676,4.085,-0.9313355909005918,-0.2208255007565079,-0.16698188746722234,-2.0,4,-1.854078307984098,73.0,6.493506493506493
AAPL,Apple Inc.,Technology,Consumer Electronics,4968150990848,35.506687,39.03899,2.67,340.4200134277344,8,4.656044235651631,1.0,-29.28719030876101,2026-07-30,-0.20501234418107844,0.0914607394249316,0.02564102564102564,-9.659999999999998,8.57,8.82022,9.57579,39,4.656044235651631,-0.20501234418107844,0.02564102564102564,-24.272356476670613,-9.659999999999998,35.506687,2.67,35.506687,2.67,0.20240894008533292,-0.6744413671374144,-1.6986193128888634,-1.153734392557611,4,-1.8569909325078806,74.0,5.194805194805195
WMT,Walmart Inc.,Consumer Defensive,Discount Stores,879845179392,34.297695,40.057972,3.64,110.55999755859376,8,2.7749231617624073,0.75,4.148302262474448,2026-08-20,-1.2315856461807941,-0.11585656263414347,-0.10256410256410256,2.4099999999999997,11.709999999999999,2.88556,3.22354,39,2.7749231617624073,-1.2315856461807941,-0.10256410256410256,4.148302262474448,2.4099999999999997,34.297695,3.64,34.297695,3.64,-0.8167416228327483,-0.9958929177148572,0.04430025030188902,-1.6467042589702037,4,-1.9073492633110076,75.0,3.896103896103896
TSLA,"Tesla, Inc.",Consumer Cyclical,Auto Manufacturers,1481080307712,174.84636,347.2222,4.55,375.0,8,-2.2068903318903343,0.375,48.20712836123794,2026-07-22,-17.262842591559277,-1.0639472585155283,-0.09090909090909091,18.259999999999998,23.189999999999998,1.74178,2.14567,33,0.36024848548695115,-6.908091183816332,-0.09090909090909091,48.20712836123794,18.259999999999998,174.84636,4.55,56.37987400000009,4.085,-2.0,-1.536053437298169,2.0,-2.0,4,-1.9745742528570611,76.0,2.5974025974025974
MNST,Monster Beverage Corporation,Consumer Defensive,Beverages - Non-Alcoholic,85512609792,33.366203,40.416668,2.22,43.650001525878906,8,-0.8796340154098754,0.5,-30.152010460934953,2026-08-06,1.819691843247083,-0.0537348263210647,0.6363636363636364,-5.179998999999999,13.520001,1.15142,1.30711,11,0.36024848548695115,1.819691843247083,0.6363636363636364,-24.272356476670613,-5.179998999999999,33.366203,2.22,33.366203,2.22,-1.9074463072661159,0.5740594321034266,-1.4448470770957964,-0.7829264826771154,4,-1.9885214429958646,77.0,1.2987012987012987
