ticker,date,ratio
AAPL,1987-06-16,2.0
AAPL,2000-06-21,2.0
AAPL,2005-02-28,2.0
AAPL,2014-06-09,7.0
AAPL,2020-08-31,4.0
MSFT,1987-09-21,2.0
MSFT,1990-04-16,2.0
MSFT,1991-06-27,1.5
MSFT,1992-06-15,1.5
MSFT,1994-05-23,2.0
MSFT,1996-12-09,2.0
MSFT,1998-02-23,2.0
MSFT,1999-03-29,2.0
MSFT,2003-02-18,2.0
NVDA,2000-06-27,2.0
NVDA,2001-09-12,2.0
NVDA,2006-04-07,2.0
NVDA,2007-09-11,1.5
NVDA,2021-07-20,4.0
NVDA,2024-06-10,10.0
AVGO,2024-07-15,10.0
ORCL,1987-03-25,2.0
ORCL,1987-12-21,2.0
ORCL,1989-07-03,2.0
ORCL,1993-11-09,2.0
ORCL,1995-02-23,1.5
ORCL,1996-04-17,1.5
ORCL,1997-08-18,1.5
ORCL,1999-03-01,1.5
ORCL,2000-01-19,2.0
ORCL,2000-10-13,2.0
CRM,2013-04-18,4.0
AMD,1980-10-24,2.0
AMD,1982-10-28,1.5
AMD,1983-08-23,2.0
AMD,2000-08-22,2.0
ADBE,1987-03-12,2.0
ADBE,1988-11-23,2.0
ADBE,1993-08-11,2.0
ADBE,1999-10-27,2.0
ADBE,2000-10-25,2.0
ADBE,2005-05-24,2.0
CSCO,1991-03-18,2.0
CSCO,1992-03-23,2.0
CSCO,1993-03-22,2.0
CSCO,1994-03-21,2.0
CSCO,1996-02-20,2.0
CSCO,1997-12-17,1.5
CSCO,1998-09-16,1.5
CSCO,1999-06-22,2.0
CSCO,2000-03-23,2.0
INTU,1995-08-22,2.0
INTU,1999-10-01,3.0
INTU,2006-07-07,2.0
AMAT,1980-04-02,1.5
AMAT,1981-02-06,1.5
AMAT,1986-05-16,2.0
AMAT,1992-04-07,2.0
AMAT,1993-10-06,2.0
AMAT,1995-10-13,2.0
AMAT,1997-10-14,2.0
AMAT,2000-03-16,2.0
AMAT,2002-04-17,2.0
QCOM,1994-02-24,2.0
QCOM,1999-05-11,2.0
QCOM,1999-12-31,4.0
QCOM,2004-08-16,2.0
TXN,1973-05-29,2.0
TXN,1987-06-15,3.0
TXN,1995-08-21,2.0
TXN,1997-11-24,2.0
TXN,1999-08-17,2.0
TXN,2000-05-23,2.0
NOW,2025-12-18,5.0
PANW,2022-09-14,3.0
PANW,2024-12-16,2.0
SNPS,1995-09-11,2.0
SNPS,2003-09-24,2.0
CDNS,1995-10-31,1.5
CDNS,1996-06-03,1.5
CDNS,1997-11-17,2.0
KLAC,1983-01-10,2.0
KLAC,1983-12-09,2.0
KLAC,1984-12-17,1.5
KLAC,1995-10-02,2.0
KLAC,2000-01-19,2.0
KLAC,2026-06-12,10.0
LRCX,1993-09-16,1.5
LRCX,2000-03-17,3.0
LRCX,2024-10-03,10.0
MU,1994-04-19,2.5
MU,1995-05-23,2.0
MU,2000-05-02,2.0
ANET,2021-11-18,4.0
ANET,2024-12-04,4.0
CRWD,2026-07-02,4.0
FTNT,2011-06-02,2.0
FTNT,2022-06-23,5.0
ADI,1980-04-16,1.25
ADI,1981-04-07,1.25
ADI,1982-04-13,1.25
ADI,1983-04-05,1.5
ADI,1984-04-17,1.3333333333333333
ADI,1986-04-15,1.3333333333333333
ADI,1995-01-05,1.5
ADI,1996-01-04,1.5
ADI,1997-01-07,1.3333333333333333
ADI,2000-03-16,2.0
ADP,1981-05-22,2.0
ADP,1986-06-09,2.0
ADP,1991-05-01,2.0
ADP,1996-01-02,2.0
ADP,1999-01-04,2.0
ADP,2007-04-02,1.1070519207350824
ADP,2014-10-01,1.139
MSI,1965-05-26,1.5
MSI,1970-05-26,2.0
MSI,1973-06-04,2.0
MSI,1984-06-04,3.0
MSI,1993-01-19,2.0
MSI,1994-04-19,2.0
MSI,2000-06-02,3.0
MSI,2004-12-03,1.1173184357541899
MSI,2011-01-04,0.24737167594310452
APH,2000-04-26,2.0
APH,2004-03-30,2.0
APH,2007-04-02,2.0
APH,2014-10-10,2.0
APH,2021-03-05,2.0
APH,2024-06-12,2.0
APH,2026-09-03,2.0
ADSK,1987-03-30,3.0
ADSK,1994-10-31,2.0
ADSK,2002-04-19,2.0
ADSK,2004-12-21,2.0
MCHP,1993-09-14,2.0
MCHP,1994-04-05,1.5
MCHP,1994-11-09,1.5
MCHP,1997-01-07,1.5
MCHP,2000-02-08,1.5
MCHP,2000-09-27,1.5
MCHP,2002-05-09,1.5
MCHP,2021-10-13,2.0
AMZN,1998-06-02,2.0
AMZN,1999-01-05,3.0
AMZN,1999-09-02,2.0
AMZN,2022-06-06,20.0
TSLA,2020-08-31,5.0
TSLA,2022-08-25,3.0
HD,1982-01-20,1.5
HD,1982-05-11,1.25
HD,1982-12-08,2.0
HD,1983-06-09,2.0
HD,1987-09-22,1.5
HD,1989-07-03,1.5
HD,1990-07-06,1.5
HD,1991-06-26,1.5
HD,1992-07-02,1.5
HD,1993-04-14,1.3333333333333333
HD,1997-07-07,1.5
HD,1998-07-06,2.0
HD,1999-12-31,1.5
LOW,1992-06-29,2.0
LOW,1994-04-04,2.0
LOW,1998-06-29,2.0
LOW,2001-07-02,2.0
LOW,2006-07-03,2.0
NKE,1990-10-08,2.0
NKE,1995-10-31,2.0
NKE,1996-10-24,2.0
NKE,2007-04-03,2.0
NKE,2012-12-26,2.0
NKE,2015-12-24,2.0
SBUX,1993-09-30,2.0
SBUX,1995-12-04,2.0
SBUX,1999-03-22,2.0
SBUX,2001-04-30,2.0
SBUX,2005-10-24,2.0
SBUX,2015-04-09,2.0
MCD,1971-06-14,1.5
MCD,1972-06-06,2.0
MCD,1982-10-07,1.5
MCD,1984-09-25,1.5
MCD,1986-06-26,1.5
MCD,1987-06-23,1.5
MCD,1989-06-19,2.0
MCD,1994-06-27,2.0
MCD,1999-03-08,2.0
BKNG,2003-06-16,0.16666666666666666
BKNG,2026-04-06,25.0
CMG,2024-06-26,50.0
ORLY,1997-09-02,2.0
ORLY,1999-12-01,2.0
ORLY,2005-06-16,2.0
ORLY,2025-06-10,15.0
ROST,1997-03-06,2.0
ROST,1999-09-23,2.0
ROST,2003-12-19,2.0
ROST,2011-12-16,2.0
ROST,2015-06-12,2.0
TTWO,2005-04-12,1.5
GOOGL,2014-04-03,1.998
GOOGL,2022-07-18,20.0
NFLX,2004-02-12,2.0
NFLX,2015-07-15,7.0
NFLX,2025-11-17,10.0
DIS,1962-12-18,1.03
DIS,1967-11-16,2.0
DIS,1971-03-01,2.0
DIS,1973-01-16,2.0
DIS,1986-03-06,4.0
DIS,1992-05-18,4.0
DIS,1998-07-10,3.0
DIS,2007-06-13,1.0136847440446022
CMCSA,1980-05-16,1.5
CMCSA,1981-04-13,1.5
CMCSA,1983-01-06,1.5
CMCSA,1984-09-19,1.5
CMCSA,1985-06-28,1.5
CMCSA,1986-12-19,1.5
CMCSA,1988-04-11,1.5
CMCSA,1989-10-25,1.5
CMCSA,1994-02-03,1.5
CMCSA,1999-05-06,2.0
CMCSA,2007-02-22,1.5
CMCSA,2017-02-21,2.0
CMCSA,2026-01-05,1.067
TMUS,2013-05-01,0.5
LLY,1986-01-30,2.0
LLY,1989-05-01,2.0
LLY,1995-12-21,2.0
LLY,1997-10-16,2.0
UNH,1992-09-16,2.0
UNH,1994-03-11,2.0
UNH,2000-12-26,2.0
UNH,2003-06-19,2.0
UNH,2005-05-31,2.0
ISRG,2003-07-01,0.5
ISRG,2017-10-06,3.0
ISRG,2021-10-05,3.0
AMGN,1990-08-13,2.0
AMGN,1991-09-11,3.0
AMGN,1995-08-16,2.0
AMGN,1999-03-01,2.0
AMGN,1999-11-22,2.0
GILD,2001-02-22,2.0
GILD,2002-03-08,2.0
GILD,2004-09-07,2.0
GILD,2007-06-25,2.0
GILD,2013-01-28,2.0
VRTX,2000-08-24,2.0
SYK,1980-11-12,1.5
SYK,1982-11-15,1.5
SYK,1985-09-17,1.5
SYK,1987-06-12,2.0
SYK,1989-06-20,1.5
SYK,1991-06-14,2.0
SYK,1996-06-11,2.0
SYK,2000-05-15,2.0
SYK,2004-05-17,2.0
BSX,1998-12-01,2.0
BSX,2003-11-06,2.0
DHR,1987-09-09,2.0
DHR,1995-01-23,2.0
DHR,1998-06-01,2.0
DHR,2004-05-21,2.0
DHR,2010-06-14,2.0
DHR,2016-07-05,1.319
DHR,2023-10-02,1.128
ELV,2005-06-01,2.0
V,2015-03-19,4.0
MA,2014-01-22,10.0
AXP,1983-02-11,1.3333333333333333
AXP,1983-08-11,1.5
AXP,1987-05-11,2.0
AXP,1994-05-31,1.13314447592068
AXP,2000-05-11,3.0
AXP,2005-10-03,1.1424654404204273
SPGI,1983-06-02,2.0
SPGI,1996-04-29,2.0
SPGI,1999-03-09,2.0
SPGI,2005-05-18,2.0
SPGI,2026-07-01,1.057
GE,1971-06-08,2.0
GE,1983-06-02,2.0
GE,1987-05-26,2.0
GE,1994-05-16,2.0
GE,1997-05-12,2.0
GE,2000-05-08,3.0
GE,2019-02-26,1.04
GE,2021-08-02,0.125
GE,2023-01-04,1.281
GE,2024-04-02,1.253
CAT,1964-07-06,2.0
CAT,1976-07-26,1.5
CAT,1994-09-06,2.0
CAT,1997-07-14,2.0
CAT,2005-07-14,2.0
HON,1965-02-04,1.02
HON,1966-02-03,1.02
HON,1967-02-03,1.02
HON,1984-05-30,1.5
HON,1994-03-15,2.0
HON,1997-09-16,2.0
HON,2016-10-03,1.0053282396702523
HON,2018-10-01,1.011
HON,2018-10-29,1.032
HON,2025-10-30,1.061
HON,2026-06-29,0.9535
CTAS,1987-04-03,2.0
CTAS,1991-04-03,1.5
CTAS,1992-04-03,2.0
CTAS,1997-11-19,2.0
CTAS,2000-03-08,1.5
CTAS,2024-09-12,4.0
PH,1986-06-09,1.5
PH,1995-06-02,1.5
PH,1997-09-08,1.5
PH,2007-10-02,1.5
COST,1993-10-22,2.0
COST,2000-01-14,2.0
WMT,1975-08-25,2.0
WMT,1980-12-17,2.0
WMT,1982-07-12,2.0
WMT,1983-07-11,2.0
WMT,1985-10-07,2.0
WMT,1987-07-13,2.0
WMT,1990-07-09,2.0
WMT,1993-02-26,2.0
WMT,1999-04-20,2.0
WMT,2024-02-26,3.0
MNST,1988-02-29,0.02
MNST,2005-08-09,2.0
MNST,2006-07-10,4.0
MNST,2012-02-16,2.0
MNST,2016-11-10,3.0
MNST,2023-03-28,2.0
MNST,2026-08-11,2.0
PG,1970-05-19,2.0
PG,1983-02-22,2.0
PG,1989-11-20,2.0
PG,1992-06-15,2.0
PG,1997-09-22,2.0
PG,2004-06-21,2.0
