ticker,sector,linked_contribution,avg_active_weight,avg_port_weight,quarters_held,avg_return
CAT,Industrials,0.1656247288660952,0.06113440956805538,0.06785714285714285,19,0.0959519531179384
LLY,Healthcare,0.15189324938566603,0.04958138399674279,0.07142857142857142,20,0.097578719670654
META,Communication Services,0.08578950403617058,0.03120762035314585,0.07142857142857142,17,0.1144078103184084
TSLA,Consumer Cyclical,0.0824348247936522,0.03366467762450383,0.07142857142857142,20,0.06637399679098255
GE,Industrials,0.061160507049957354,0.03624756993366647,0.04285714285714286,12,0.10183342458279936
PYPL,Financial Services,0.03465764573588241,-0.0042484683007780345,0.0,0,-0.05491572826360245
ADBE,Technology,0.026847792892616462,-0.008344047991638643,0.0,0,-0.029281097835220326
MSFT,Technology,0.024872533727270316,-0.05213965851155431,0.05714285714285714,16,0.044283439678661086
NKE,Consumer Cyclical,0.02428022094492558,-0.006587004303850996,0.0,0,-0.05055789623581007
WMT,Consumer Defensive,0.02252211107886947,0.04940484335713269,0.07142857142857142,20,0.048247679056901076
HD,Consumer Cyclical,0.022188242123365617,-0.014407172479177565,0.0,0,0.007936616241966555
CMCSA,Communication Services,0.021939386415961003,-0.007031121660946336,0.0,0,-0.02962771379274947
CRM,Technology,0.021108725510584507,-0.009221452047126292,0.0,0,0.01418624016637195
AMZN,Consumer Cyclical,0.019405667182198546,0.0018835885244088354,0.07142857142857142,20,0.03391415333982202
DHR,Healthcare,0.016784291964118764,-0.007806259778663326,0.0,0,-0.003751969376764708
NFLX,Communication Services,0.016504394733980493,-0.010471666062201174,0.0,0,0.04180857049068191
GOOGL,Communication Services,0.014680572071874013,-0.010859204418532178,0.07142857142857142,20,0.06075587038154072
INTU,Technology,0.0145316877429066,-0.0062984114092949905,0.0,0,-0.014196999822023515
ELV,Healthcare,0.011658595841306582,-0.004322120969427698,0.0,0,0.0014481878862854236
MCD,Consumer Cyclical,0.01094159183026807,-0.008489198047581257,0.0,0,0.008202699452663642
SBUX,Consumer Cyclical,0.009215841492866653,-0.004617392805276496,0.0,0,0.00472293994789591
SPGI,Financial Services,0.008853891506736931,-0.005466436125376745,0.0,0,0.0071263912326476
NOW,Technology,0.008469362400957761,-0.005473899972002811,0.0,0,0.021344370936611214
ABNB,Consumer Cyclical,0.007944138014952428,-0.003523378033011919,0.0,0,0.01629108445620772
ORCL,Technology,0.007842532632319233,-0.013888093695174537,0.0,0,0.04758852710034157
TMUS,Communication Services,0.007742748585764406,-0.00825885949379601,0.0,0,0.019953903755185243
LOW,Consumer Cyclical,0.007555234584442981,-0.005592864248750351,0.0,0,0.008261622543815156
ISRG,Healthcare,0.007147887966487075,-0.005343462966305779,0.0,0,0.027399257181777503
SYK,Healthcare,0.006624405226129438,-0.004754644956887095,0.0,0,0.010887941261670264
BLK,Financial Services,0.005945915240891863,-0.0052112632064888875,0.0,0,0.026169895935952335
TXN,Technology,0.005891631967691065,-0.007089286630726182,0.0,0,0.03529821787085103
WDAY,Technology,0.005596829491893162,-0.002364779118144449,0.0,0,0.009706589260176868
ADSK,Technology,0.005343861338902776,-0.0021666589774442307,0.0,0,-0.007492865366583651
QCOM,Technology,0.005001647631216521,-0.006800627533003827,0.0,0,0.03921248775178703
BSX,Healthcare,0.004904735069085963,-0.0037085296567423882,0.0,0,0.011717865579204012
REGN,Healthcare,0.003991900940903864,-0.0034223452199299413,0.0,0,0.02478200387541915
UBER,Technology,0.003917472075558726,-0.004463129433828264,0.0,0,0.04365367598922236
CMG,Consumer Cyclical,0.0038391069128279713,-0.002333230934065937,0.0,0,0.006455728325641447
ADP,Technology,0.003647510610689836,-0.004242356877187235,0.0,0,0.023906259605399816
MCHP,Technology,0.002482591847208887,-0.0017386995464039206,0.0,0,0.02295476427018172
SNPS,Technology,0.002413099540117646,-0.002785962384153293,0.0,0,0.025435341280911565
AXP,Financial Services,0.002313935726222495,-0.006463511746964122,0.0,0,0.042847637189069074
BKNG,Consumer Cyclical,0.001940817977950891,-0.004854557558582178,0.0,0,0.03874640035294019
TTWO,Communication Services,0.0013721807455155009,-0.0011186559518401155,0.0,0,0.02578259388570946
MNST,Consumer Defensive,0.0011258586492298266,-0.002373469767107189,0.0,0,0.03873752531000141
CSCO,Technology,0.0010517589124022179,-0.00975268177621835,0.0,0,0.05194466157817381
MSI,Technology,0.0005460793802004679,-0.0022558298599685495,0.0,0,0.04151043486926705
CTAS,Industrials,0.00034196240881963994,-0.0024329749698138656,0.0,0,0.04469739889877302
ORLY,Consumer Cyclical,0.00021086733430338185,-0.002488298554995998,0.0,0,0.043206973227692576
CDNS,Technology,0.00013780185764733803,-0.0027040718656423353,0.0,0,0.050564104667767375
ROST,Consumer Cyclical,7.776496353668289e-05,-0.0017898202465443565,0.0,0,0.05240209378877886
AMGN,Healthcare,-9.330298928567548e-06,-0.006149208922774029,0.0,0,0.04848750289154595
GILD,Healthcare,-0.0010141086914812318,-0.004433783258800741,0.0,0,0.05584148263944061
ADI,Technology,-0.001228504905666308,-0.0042887259673598365,0.0,0,0.05411642416661784
VRTX,Healthcare,-0.0013324358458457288,-0.003822420302630365,0.0,0,0.05930033715611075
FTNT,Technology,-0.0019100102677087976,-0.0023464919808779843,0.0,0,0.08135714538957146
PH,Industrials,-0.0025726882684011117,-0.002490661480303877,0.0,0,0.07283048243092446
HON,Industrials,-0.005559004247030953,0.026494821220336813,0.03214285714285714,9,0.01044847039240237
APH,Technology,-0.006284216185357396,-0.0030529061480434184,0.0,0,0.0931897841800238
CRWD,Technology,-0.007569211717079211,-0.0027482895098422063,0.0,0,0.11557427741233964
KLAC,Technology,-0.00927788187642082,-0.0037320549804780584,0.0,0,0.1256236006786617
ANET,Technology,-0.009593122987173934,-0.0035279289510822456,0.0,0,0.14255517827687653
PANW,Technology,-0.00969721477642794,-0.003648454023619617,0.0,0,0.11177385513801819
AMAT,Technology,-0.010013874924484063,-0.006045807876381625,0.0,0,0.11044447571189372
PG,Consumer Defensive,-0.013755539166009006,0.031130450215830552,0.04642857142857142,13,0.011251355696788373
LRCX,Technology,-0.014600097573749964,-0.004764811401024572,0.0,0,0.1292873570665237
PLTR,Technology,-0.018422911289325574,-0.004234919606620027,0.0,0,0.16577161079750835
AAPL,Technology,-0.02239247065277386,-0.059294325585929286,0.06428571428571428,18,0.05475097837355982
V,Financial Services,-0.02330975059666061,0.049356894073887,0.07142857142857142,20,0.029919443720480714
MA,Financial Services,-0.03268929265140544,0.05479936630166671,0.07142857142857142,20,0.02832729101939858
AMD,Technology,-0.03545030946137946,-0.008975502723749041,0.0,0,0.15725991423799082
DIS,Communication Services,-0.03739454853537572,0.0023360437033992805,0.010714285714285714,3,-0.010147730390461202
COST,Consumer Defensive,-0.03797286488465401,0.012537675905916427,0.025,7,0.0435309634519773
UNH,Healthcare,-0.05315921094038155,0.052666246919643445,0.07142857142857142,20,0.017393457748712753
MU,Technology,-0.0575768258395682,-0.006106671549739181,0.0,0,0.2253820185546028
AVGO,Technology,-0.06582599830143768,-0.025050216232903526,0.0,0,0.1319239858256254
NVDA,Technology,-0.21074148401252263,-0.059599482647580034,0.02857142857142857,6,0.1645233285664331
