date,sector_pair,cap_weight,equal_weight,IWF,IWD,IWB,IWM,MTUM,QUAL,SPY,BIL
2021-10-31,0.08228091460178256,0.09033139233371731,0.0674283909208767,0.08743282080355175,0.05130659389193393,0.06896698100534637,0.042514585493717894,0.08587666393521953,0.0771271959438724,0.07016334810390279,-0.00010898901648448422
2021-11-30,-0.028038006801136255,0.014182983755829458,0.00047670536519792747,0.006308615576683385,-0.035675132459168424,-0.012694461800310752,-0.04332409506199697,-0.039490281396697524,-0.00606100669538423,-0.008034692216489114,-0.00021860124774553125
2021-12-31,0.049135254934575504,0.02415261014888495,0.04390096151439356,0.02038153632664752,0.06298175852068066,0.03966684513687979,0.022715241893681792,-0.00483943288912847,0.03504137705176702,0.04624767556565512,0.0
2022-01-31,-0.041980016079890076,-0.07379933595085822,-0.08645311553825656,-0.08681587228849563,-0.023700232515121433,-0.0563100401463843,-0.09534731712249711,-0.09030933028319998,-0.06952467239300342,-0.052741261480496404,0.0
2022-02-28,-0.028000437850068116,-0.03351268370344043,-0.03086888026982794,-0.04164002939383482,-0.012015750720081209,-0.0274103337463526,0.010335816118633323,-0.026783630983898687,-0.04105153480689938,-0.029517000450955733,-0.00021894883772244356
2022-03-31,0.06011819464722466,0.04550712616655597,0.03430867084844288,0.039644944872476495,0.029076223400580803,0.03358866905629165,0.011575428801609444,0.04773221381363402,0.039584120982986803,0.03759057461754911,0.00045988325702106536
2022-04-30,-0.06911660201526575,-0.11470546978174762,-0.10037138077378546,-0.12203279587422755,-0.05753712052900506,-0.0886151306010805,-0.09899168816049708,-0.12681983317192713,-0.08281924530593665,-0.08776922158835265,-0.00010959792049680672
2022-05-31,-0.029400283917115848,-0.023925920201244903,-0.006263602307799351,-0.02285144670592676,0.019817317871198892,-0.0022818138115258124,0.001946586117071103,-0.005989274104705511,-0.0017009782464252332,0.002257232450963542,0.000328530046860509
2022-06-30,-0.07050772595350968,-0.0770656505546278,-0.08515754000278145,-0.08027962068012051,-0.08756477807366059,-0.08380789722667248,-0.0836634746781334,-0.06389981008926637,-0.09049335393594504,-0.08246039115376746,0.0007758074335477705
2022-07-31,0.1061408129413508,0.12520915827338638,0.1196192940347546,0.12103341468818662,0.06594485141692963,0.09270310242362445,0.10563276594020476,0.051697214828455795,0.09209699582178166,0.09208749775641745,0.0003614035031687113
2022-08-31,-0.045808541124324344,-0.04616194538466776,-0.03743152639275647,-0.046743086242690524,-0.029573734719206324,-0.03836658366841694,-0.020026601196855953,-0.019941281885080264,-0.0513851188815484,-0.04080187727741502,0.0019372650191915586
2022-09-30,-0.08475904855659344,-0.09715680729599485,-0.0827100875589408,-0.09731634101460429,-0.0870882543716005,-0.09177980865585489,-0.09660444889844999,-0.05954936552659518,-0.09757229881141438,-0.09244590629531901,0.002067452608015552
2022-10-31,0.05772198816430424,0.04833791346577861,0.09070549523841033,0.05788992667722637,0.10110999144736588,0.07900476483807561,0.11162998826647486,0.12547654950619358,0.08293236198694243,0.08127533521265895,0.0015854999348110521
2022-11-30,0.049291450146269594,0.04074121467995637,0.06509348297956005,0.045062374035149455,0.06177383255341873,0.05349407384809046,0.022036550950312872,0.03467890396766249,0.07711449498966338,0.0555916565618062,0.0031515938988952996
2022-12-31,-0.05767191514748212,-0.08136745924612168,-0.05867440706048358,-0.07665019923887062,-0.04015416168247121,-0.057496660400380595,-0.06514113267759769,-0.039270215158454524,-0.05622921427963168,-0.05762824728325244,0.003626125431123395
2023-01-31,0.0846277290740464,0.09172133829135133,0.09358891791978788,0.083271068526525,0.05143386013226836,0.0664069513036345,0.09818776862298706,-0.005481882462497811,0.07151639791159004,0.06288735478705454,0.0028421904802731213
2023-02-28,-0.0056445165750145495,-0.01656231209578745,-0.011144162407639005,-0.01189230425140797,-0.03524603434435636,-0.023830880090777717,-0.017234220479989903,-0.040377938868525365,-0.027516003105098497,-0.025142748024126194,0.0034578396697579894
2023-03-31,0.07192793512264313,0.08490839604371889,0.06168126880787862,0.0678127756673077,-0.005025839141051147,0.03168218744096585,-0.04847333107223584,0.004329241896944946,0.04800540218827676,0.03707804856149677,0.003990898874247861
2023-04-30,0.03136270682569934,0.01854662969084222,0.001368984116228519,0.010232065379719657,0.015565667003422101,0.01225416048046668,-0.017937231715924984,0.023949780375687846,0.0170872082199085,0.015974723465890905,0.0036305247332850676
2023-05-31,0.035446055705531616,0.05291164627565801,0.041005054788144944,0.046874417382742894,-0.038867075952842,0.0046932222228492915,-0.00816231408866197,-0.0482543863380368,0.007211262205498503,0.004616399225463308,0.003751703928428496
2023-06-30,0.08305649567930663,0.06637993926730025,0.06528250318598684,0.06651496109416377,0.06633977805177182,0.06695951319120175,0.0806735086417969,0.06876321267780927,0.06429095127020634,0.06479974314984238,0.0046058984353403165
2023-07-31,0.026087425075813055,0.03370395447290411,0.038334413042576405,0.03437751002206646,0.03522779226203632,0.034586095306738285,0.061088399482274625,0.017330946668245195,0.03781408155569421,0.03273315797802545,0.0038605844791512745
2023-08-31,0.011557669624559409,-0.0038017672562020146,-0.00960254334628468,-0.009591252359700708,-0.026990656317951833,-0.01736931608058767,-0.05082798762894003,0.0030663216983579655,-0.004358152756721911,-0.01625206749272945,0.004966547093821161
2023-09-30,-0.032339654696431554,-0.05309585477364532,-0.04343322454062545,-0.054662590123589316,-0.038909885031473856,-0.04796116869873712,-0.05853608690632117,-0.048187699168631415,-0.05068020638276949,-0.047434225547504205,0.003990955934974227
2023-10-31,-0.012977815004813062,-0.009534818285490148,-0.019328841289097305,-0.01458714909173131,-0.03556857598170238,-0.023838881431337722,-0.06914101975687226,-0.01624923341595219,-0.014796258748665747,-0.021708971847927083,0.004309655775629473
2023-11-30,0.07910319413987568,0.1058994993033806,0.11962658560951368,0.10968695435005671,0.07560444768770114,0.09332355155581817,0.09202518814832628,0.09226525108722172,0.08649122535059095,0.0913439987844813,0.004682181022035881
2023-12-31,0.028291051562037862,0.03651770712498718,0.050615615713125,0.04439792734298664,0.05540672710935324,0.04996538589550581,0.12126178547795896,0.04756033048252428,0.04689015759129789,0.04565533674974365,0.004274841871873436
2024-01-31,0.018909224664093397,0.03202321183610513,0.03573427015610445,0.024375757996690117,0.0006052547850565748,0.013383644641444814,-0.0390116583981962,0.05583538636421892,0.02283561398801548,0.01592648437613975,0.00426753819125536
2024-02-29,0.07967627525641979,0.06793669860446537,0.06031065162452129,0.06626727612148775,0.03574233077898259,0.05267709401970233,0.05625269426627533,0.09996976746352404,0.0649831005277357,0.05218693017589415,0.004443425453615868
2024-03-31,0.02132172535816058,0.019608325571217236,0.021802044483129793,0.019182693190750832,0.05041669084100442,0.03264876286161078,0.03486957104726218,0.0291014659971065,0.02772986677254341,0.032702028049769405,0.004101674536254096
2024-04-30,-0.010665974694479934,-0.035055387355768054,-0.044106832857889834,-0.04215983348121366,-0.04248797532787563,-0.041835994648533936,-0.06847364496942343,-0.05465708061885921,-0.04496507290142582,-0.04031979533406149,0.0043217022695265506
2024-05-31,0.039476821291200476,0.0687150423905672,0.03661160912083953,0.06024669435900698,0.033003029324590205,0.04666997973546638,0.05038296256743369,0.053582506142108466,0.0559379060572287,0.05057964699309725,0.004573393911901924
2024-06-30,0.04180749955676603,0.07109618968663815,0.046626594951691816,0.06615822382751113,-0.011255378245021319,0.032632176731999696,-0.011243708647821427,0.04540096554010331,0.032398007469114365,0.03528024833222676,0.003992862982552525
2024-07-31,0.014940201915830714,-0.01447917949028941,-0.0024335582556276486,-0.017338328920624813,0.051126272786470084,0.014653407920783845,0.10335634267847293,-0.02001349023131782,0.0059732739632525345,0.012109260717513948,0.004508474337373114
2024-08-31,0.03433809643693483,0.02280203785586397,0.040102622447727165,0.020296460006548278,0.02688271962243105,0.02371638344361937,-0.016885537878149504,0.03351334089859326,0.03492834432572178,0.02336541907969303,0.0046168026468575984
2024-09-30,0.04311028619627593,0.03196644573879334,0.027944664282533616,0.028674931263661607,0.013326705101982528,0.020716139903590225,0.007105434082484319,0.029540624901472468,0.01161713400916864,0.021004599190391327,0.004222007332258304
2024-10-31,-0.020558226604286172,-0.006201490478065582,-0.011735717520267372,-0.0037828638137077375,-0.011169830987864393,-0.006838797936597141,-0.014169928824116607,-0.0017262847913604995,-0.016062558204666844,-0.008923387313122477,0.003948304013899895
2024-11-30,0.08144977606512037,0.06098809343593301,0.07192824891943858,0.06530104274932635,0.06452484166798622,0.06498222972209078,0.1107182264465314,0.06970995077240438,0.05027790491114015,0.05963324664383385,0.003707066870599629
2024-12-31,-0.0007931319563010376,0.010313478529030027,-0.03172141990259749,0.00905844661859434,-0.0686001764826275,-0.028236077201997722,-0.08373906991389923,-0.04101748654894655,-0.036039695736188815,-0.02406012170171823,0.00403136106543589
2025-01-31,0.06011157374998424,0.01873549848954712,0.04284452946162631,0.01924917190609121,0.045427452720480765,0.031040538219963665,0.024981950402680475,0.05900828708897876,0.029649634880153153,0.02685634966868511,0.003500099488915387
2025-02-28,-0.027074616069397896,-0.03219717496645251,-0.009033612763644235,-0.03593857774715492,0.004288544125909732,-0.017371147893831873,-0.05223431411788537,-0.0031944587400882796,-0.00976224335159881,-0.012694823221055196,0.003237390296742637
2025-03-31,-0.0724000327595071,-0.08267811364969825,-0.05980255437037634,-0.08394189906764538,-0.027815227205792104,-0.05769527076290182,-0.06854100670689212,-0.07223087352435253,-0.05668955095455952,-0.05571910658300483,0.003270125391752199
2025-04-30,0.0012048955836208896,0.011441427015524837,0.017129717683108225,0.01578544126426973,-0.03130321059315855,-0.006748295554681372,-0.023209161707494208,0.03710477800362155,-0.008894685865611485,-0.008670177212539043,0.0034024658995548407
2025-05-31,0.06194041542399078,0.08580084664812246,0.058873064636148796,0.08898828284031746,0.034838403437265075,0.0637081831731523,0.05239668879787818,0.10451746066048173,0.0454036068485566,0.06284478954355088,0.0036320931667657153
2025-06-30,0.026150933593607775,0.06546122549013064,0.06179573397467436,0.06399842161320435,0.0343028613056382,0.050482093742914236,0.055184377122293515,0.040047602079878786,0.034783486982884915,0.0513862457746872,0.0033468869852557592
2025-07-31,0.017350353148357374,0.034527294941159116,-0.003903745960512407,0.03728391740144099,0.006126813025059352,0.022940758463976696,0.016682809009827215,0.004036195497616912,0.007110684053141858,0.02303146683242674,0.0035660289146699498
2025-08-31,0.019280012355476436,0.013539136669348775,0.01591725313629447,0.011761797700560184,0.031777661348273645,0.02115951724144094,0.07192670171380788,0.010112305557805179,0.026232949199242794,0.02051954476092477,0.00370754060662537
2025-09-30,0.06567764650411179,0.054245893432915956,0.02946862438932577,0.05218915694258808,0.014237438026940774,0.033099229390067375,0.03179118354324495,0.05469079558317591,0.03190080269350393,0.035620461449873186,0.003302560839297808
2025-10-31,0.04010377300673906,0.046940355685444204,0.024784879483002828,0.03665581743472068,0.0048136583559943436,0.022518184021334653,0.01764753398034502,-0.008695681343206085,0.00925461162996255,0.023837317255337664,0.003510489578277376
2025-11-30,0.010166043520310763,-0.010721627884162081,-0.006741140768589203,-0.018802200035601624,0.026445625303181064,0.0019534751620515767,0.010234291527790207,-0.015616428853448383,0.009067692225143809,0.0019500533440308665,0.0028755865710168305
2025-12-31,0.008751517128352645,-0.0026253283692209534,0.011877353903572786,-0.005606898768977908,0.00655030518819566,0.00027852379098525226,-0.0070935165484300455,0.0029496862781641653,0.005803685019309501,0.000797497263286262,0.003351953865914137
2026-01-31,0.01020824796270047,0.0008403479325626306,0.010785571582717219,-0.015529185687501279,0.045259968029809805,0.013442600990656528,0.05480158972608029,0.022292426804307208,0.01913204123594059,0.014737793329742122,0.0029548751969366016
2026-02-28,-0.0009418076785130504,-0.0382269585265788,-0.010117330428845205,-0.033823354710818876,0.02574366054687305,-0.005813003733845634,0.0067784648724789065,-0.011450278620532828,0.012054090969935594,-0.008641994294614319,0.0026703027314498584
2026-03-31,-0.06254270836090638,-0.05485534634436587,-0.06727385776331786,-0.05201095302267433,-0.0489405278320133,-0.05011421871978339,-0.049611108858373054,-0.05042251274303167,-0.06170142691692182,-0.04937951897005721,0.002878063669242703
2026-04-30,0.1261088285870607,0.14331709056880912,0.09603945191538338,0.11885557140554659,0.08227639318590496,0.10172196824718305,0.12084684448821248,0.18329923468421283,0.08049632900544901,0.10505264083288113,0.002889266539682689
2026-05-31,0.033678657759963496,0.07905186393960506,0.07993684465526196,0.071937670368305,0.029016281561349055,0.051116240740914254,0.04482491417805168,0.11208545046965535,0.03975878545661238,0.05262574755586291,0.0031739012825431345
2026-06-30,0.011820408863307165,-0.040015481475287176,0.013315112646349592,-0.02792848367453371,0.021996707666535054,-0.0061929700850800184,0.036960768783990794,0.08675696309625858,0.020099192908646035,-0.010292580956815511,0.00272450262325874
2026-07-31,-0.013783288670918877,-0.0031980987268879477,0.008554386652120589,-0.047112772115139756,0.03873289706552718,-0.002735011448485536,-0.0307872091247009,-0.12612661389229574,-0.0005011962995378205,0.00034822442006920973,0.003370848328758669
2026-08-31,0.005136124716104025,0.036147848126141184,0.05514735374733303,0.037102716260783986,0.02021282386157175,0.028160059759814615,0.009374935971088183,0.002570118665379706,0.015046426784777411,0.026799359784972054,0.0027679212320448343
2026-09-30,0.0022150742930619593,0.015167791092352355,-0.03381111605467335,0.021699147577938227,-0.03142659269705683,-0.006528936217337855,-0.052101472267261584,0.05866228321346956,0.00044256607821346883,-0.003293417783052144,0.0028451006435827875
