rebalance_date,next_date,ret_port,ret_bench,ret_equal,excess_vs_bench,allocation,selection,interaction,n_port,n_bench,ret_iwf,excess_vs_iwf,bench_vs_iwf
2021-09-30,2021-12-31,0.1036230543137074,0.1325033934566112,0.11482071142436344,-0.02888033914290379,-0.04289462171189312,0.02419189578100081,-0.010177613212011456,14,75,0.11659638930194616,-0.012973334988238758,0.015907004154665033
2021-12-31,2022-03-31,-0.012823232539592833,-0.06410259244951264,-0.08427821590168515,0.0512793599099198,0.01797647822034825,0.034078425926319766,-0.0007755442367482386,14,75,-0.09014525138747231,0.07732201884787948,0.02604265893795968
2022-03-31,2022-06-30,-0.16018963763209465,-0.2024803899498347,-0.1821366012229491,0.042290752317740044,0.027618971130172598,-0.0017711572773491339,0.016442938464916516,14,74,-0.21096785512410154,0.050778217492006894,0.00848746517426685
2022-06-30,2022-09-30,-0.03399052679154538,-0.031007911095229684,-0.011427273009859079,-0.0029826156963156936,0.0009386117574771268,0.004685298350491316,-0.008606525804284136,14,75,-0.035362586047646194,0.001372059256100816,0.00435467495241651
2022-09-30,2022-12-31,0.04585096556922265,0.0022726312559978516,0.09354106165066835,0.0435783343132248,0.06867403963074913,-0.05862913569010912,0.03353343037258479,14,75,0.020819490521269968,0.02503147504795268,-0.018546859265272116
2022-12-31,2023-03-31,0.15608020566215694,0.16480095134669492,0.14810401962656952,-0.008720745684537984,-0.04941050210066767,0.06507845241346538,-0.02438869599733566,14,75,0.14297449322279854,0.013105712439358402,0.021826458123896386
2023-03-31,2023-06-30,0.15661817675864692,0.14362808476808828,0.11048262533968535,0.012990091990558644,-0.027226059086482873,0.04514062436353745,-0.004924473286495869,14,75,0.12793140348463328,0.028686773274013644,0.015696681283455
2023-06-30,2023-09-30,0.00437976975657259,-0.02490268092172546,-0.016301392343756157,0.02928245067829805,0.019881178124764157,-0.006791369859650545,0.016192642413184438,14,77,-0.03154291334498516,0.035922683101557745,0.0066402324232596975
2023-09-30,2023-12-31,0.09523155737293795,0.13535479974403333,0.15356071321209364,-0.04012324237109538,-0.018447812407213146,-0.013313568640116426,-0.008361861323765842,14,77,0.14204890931920433,-0.04681735194626638,-0.006694109575170998
2023-12-31,2024-03-31,0.12354797848663315,0.12374649268864059,0.12214308587060119,-0.00019851420200743541,0.0016018050941212624,-0.06309397763327372,0.06129365833714501,14,77,0.11321080600183175,0.010337172484801399,0.010535686686808834
2024-03-31,2024-06-30,0.07138419341826953,0.10456882670517238,0.03709177867212866,-0.033184633286902854,-0.04266888985307101,0.008362111911080255,0.0011221446550878957,14,77,0.08273364742686029,-0.011349454008590762,0.021835179278312092
2024-06-30,2024-09-30,0.09504812054533146,0.040214647630380226,0.06656605858181366,0.054833472914951234,0.03520660399439903,0.021261981101502174,-0.0016351121809499757,14,77,0.031355888955205025,0.06369223159012644,0.008858758675175202
2024-09-30,2024-12-31,0.05837698758764981,0.06528300412572229,0.02574436631185852,-0.006906016538072476,-0.01863990091225769,0.007619109320222054,0.0041147750539631805,14,77,0.07088462208022284,-0.012507634492573028,-0.005601617954500551
2024-12-31,2025-03-31,-0.04326461878524579,-0.09558016030321989,-0.028377511710974513,0.0523155415179741,0.05932709241886616,-0.023488969133367427,0.016477418232475415,14,77,-0.09986408236240096,0.056599463577155174,0.004283922059181072
2025-03-31,2025-06-30,0.09102413685861274,0.17011504392789503,0.14356596268636587,-0.07909090706928229,-0.06074988106901566,-0.05806050313396035,0.03971947713369375,14,77,0.17697211781778321,-0.08594798095917047,-0.006857073889888182
2025-06-30,2025-09-30,0.1050702933873306,0.10541255965035624,0.041772185093697026,-0.00034226626302565066,-0.04227946530365219,0.016446775975007925,0.02549042306561867,14,77,0.1042559387580726,0.0008143546292579962,0.0011566208922836468
2025-09-30,2025-12-31,0.05987253548216149,0.03299635761951282,0.02996634167808413,0.02687617786264867,0.025204279024411358,-0.01521971746670787,0.01689161630494519,14,77,0.011461269523615147,0.04841126595854634,0.021535088095897673
2025-12-31,2026-03-31,-0.05386482925677039,-0.09022146324101137,-0.06675235195782894,0.03635663398424097,0.034259928720261144,0.01125317339011019,-0.009156468126130381,14,77,-0.09829869031408078,0.04443386105731039,0.008077227073069418
2026-03-31,2026-06-30,0.1777940280664491,0.18433140067431422,0.19941386550557,-0.006537372607865133,-0.04919765212213391,-0.034629991669790736,0.0772902711840594,14,77,0.1658475911551318,0.011946436911317276,0.01848380951918241
2026-06-30,2026-09-30,-0.006522193273015963,0.04849995755677435,0.028192598739633264,-0.05502215082979031,-0.058413297306952064,0.03228511779987091,-0.02889397132270915,14,77,0.009685939861923787,-0.01620813313493975,0.038814017694850565
