rebalance_date,next_date,sector,w_port,w_bench,active_weight,ret_port,ret_bench,allocation,selection,interaction,n_port,n_bench
2021-09-30,2021-12-31,Communication Services,0.14285714285714285,0.14734871507359795,-0.004491572216455103,-0.0004033633074613232,0.02967771331169378,0.0004618489680770102,-0.004432407987862955,0.00013511132798365428,2,6
2021-09-30,2021-12-31,Consumer Cyclical,0.14285714285714285,0.2004711384508628,-0.05761399559371996,0.18887522275859173,0.13418182699796558,-9.670126265594332e-05,0.010964447313876318,-0.0031511050623582973,2,12
2021-09-30,2021-12-31,Consumer Defensive,0.14285714285714285,0.05138491630446911,0.09147222655267373,0.10981566170107838,0.1366144132392272,0.0003760441329179762,-0.0013770516048520404,-0.002451341472026363,2,4
2021-09-30,2021-12-31,Financial Services,0.14285714285714285,0.07912919539264213,0.06372794746450072,0.004690833273659989,-0.04229036970382319,-0.011139247755810544,0.0037175847901866465,0.0029940156351680926,2,6
2021-09-30,2021-12-31,Healthcare,0.14285714285714285,0.07411743388865055,0.0687397089684923,0.24433615372537656,0.14494320205751351,0.0008551088228497732,0.0073667505242406795,0.006832242571168327,2,10
2021-09-30,2021-12-31,Industrials,0.14285714285714285,0.02320261668644097,0.11965452617070188,-0.04789708769074936,0.02068119173053978,-0.013380032562897716,-0.0015911955304278146,-0.008205701529756347,2,5
2021-09-30,2021-12-31,Technology,0.14285714285714285,0.42434598420333636,-0.2814888413461935,0.2259439597354559,0.20345342457990973,-0.019971642054373673,0.009543768275839973,-0.006330834682190522,2,32
2021-12-31,2022-03-31,Communication Services,0.14285714285714285,0.13360580137124237,0.009251341485900483,-0.07720106060384369,-0.07405124268089706,-9.20383606143202e-05,-0.00042083394776878545,-2.9140041223588967e-05,2,6
2021-12-31,2022-03-31,Consumer Cyclical,0.14285714285714285,0.20061852187290602,-0.05776137901576317,-0.0013044428446449814,-0.06534701916328388,7.187980307148142e-05,0.012848126997978111,-0.00369918752388684,2,12
2021-12-31,2022-03-31,Consumer Defensive,0.14285714285714285,0.05142783866626487,0.09142930419087797,-0.013820694741466407,-0.01404688087106935,0.004576558880396343,1.1632263781767015e-05,2.06800404472248e-05,2,4
2021-12-31,2022-03-31,Financial Services,0.14285714285714285,0.06654663763073626,0.07631050522640659,0.010460183339449147,-0.06550697860134484,-0.00010716941677928467,0.005055359197509476,0.005797092508318236,2,6
2021-12-31,2022-03-31,Healthcare,0.14285714285714285,0.074813763097018,0.06804337976012485,0.02983609425939804,-0.006619256706461525,0.003911360443843185,0.0027273619907784634,0.0024805452900586167,2,10
2021-12-31,2022-03-31,Industrials,0.14285714285714285,0.020793062241008582,0.12206408061613427,0.010669683963858588,-0.01966026569481806,0.005424811755753619,0.0006306525310195206,0.0037021974202200007,2,5
2021-12-31,2022-03-31,Technology,0.14285714285714285,0.4521943751208239,-0.30933723226368104,-0.048402391149900525,-0.07765115588627582,0.0041910751146772285,0.013226126893021214,-0.009047731930681887,2,32
2022-03-31,2022-06-30,Communication Services,0.14285714285714285,0.1366886010698312,0.00616854178731166,-0.26411339892127544,-0.2244729061661491,-0.0001356617552884647,-0.005418403500416999,-0.00024452403602962197,2,6
2022-03-31,2022-06-30,Consumer Cyclical,0.14285714285714285,0.20897691689411385,-0.066119774036971,-0.3617345930178664,-0.2962883363778581,0.00620256022069319,-0.013676756934889862,0.004327291700602962,2,12
2022-03-31,2022-06-30,Consumer Defensive,0.14285714285714285,0.05539506649570991,0.08746207636143294,-0.1171537036783062,-0.12049456114360763,0.0071706508196056,0.0001850670214430613,0.0002921983307428565,2,4
2022-03-31,2022-06-30,Financial Services,0.14285714285714285,0.07054582310492316,0.07231131975221969,-0.11325476722630523,-0.16913035927610617,0.0024115847317943175,0.003941789632628108,0.00404043780305774,2,6
2022-03-31,2022-06-30,Healthcare,0.14285714285714285,0.08187624212408086,0.06098090073306199,0.07339549206748384,-0.03680232514707061,0.01010319762338317,0.009022583163804066,0.006719962152560856,2,10
2022-03-31,2022-06-30,Industrials,0.14285714285714285,0.022377293222099484,0.12047984963504337,-0.14802557016711704,-0.17814730280910931,0.002931646679871001,0.0006740428436875466,0.003629061819454207,2,5
2022-03-31,2022-06-30,Technology,0.14285714285714285,0.42414005708924174,-0.2812829142320989,-0.19044092248127614,-0.19869414081773337,-0.0010650071898862148,0.003500520496394946,-0.002321489305472485,2,31
2022-06-30,2022-09-30,Communication Services,0.14285714285714285,0.1565242687725213,-0.013667125915378442,-0.14037630619326935,-0.1062178979713827,0.0010279043607303434,-0.005346619869364087,0.00046684726623742306,2,7
2022-06-30,2022-09-30,Consumer Cyclical,0.14285714285714285,0.17822076226934097,-0.03536361941219812,0.12279241288188546,0.07012316545167074,-0.0035763609017504623,0.009386753425165394,-0.001862575220849007,2,12
2022-06-30,2022-09-30,Consumer Defensive,0.14285714285714285,0.05906145447141985,0.083795688385723,-0.02242502630037197,-0.023513720717990256,0.0006279808415544391,6.429987577945128e-05,9.122789816601799e-05,2,4
2022-06-30,2022-09-30,Financial Services,0.14285714285714285,0.07019203737097987,0.07266510548616298,-0.09672342813263063,-0.06522271756076238,-0.0024862225210065844,-0.002211099053672997,-0.0022890024565938956,2,6
2022-06-30,2022-09-30,Healthcare,0.14285714285714285,0.10339267042628301,0.039464472430859834,-0.0065487222644539655,-0.003261113078665609,0.0010950127453693292,-0.0003399146930366362,-0.00012974376207598615,2,11
2022-06-30,2022-09-30,Industrials,0.14285714285714285,0.022464767694503358,0.1203923751626395,-0.05514221673381181,-0.03409346422565588,-0.0003714770700625272,-0.00047285533535481786,-0.002534109308667458,2,5
2022-06-30,2022-09-30,Technology,0.14285714285714285,0.4101440389949517,-0.26728689613780887,-0.03951040079816537,-0.04829934726148183,0.004621774302642589,0.003604734000975009,-0.0023491702205012295,2,30
2022-09-30,2022-12-31,Communication Services,0.14285714285714285,0.14422089210193353,-0.0013637492447906852,-0.09531733387031055,-0.04194896852140379,6.030717329986742e-05,-0.00769683326064125,7.278106794028496e-05,2,7
2022-09-30,2022-12-31,Consumer Cyclical,0.14285714285714285,0.19771410289836833,-0.05485696004122548,-0.3961225420252248,-0.18973273105893299,0.010532830488211182,-0.040806176322564204,0.01132191761309395,2,12
2022-09-30,2022-12-31,Consumer Defensive,0.14285714285714285,0.05938708267478121,0.08347006018236164,0.15316560647954758,0.10818612931283456,0.008840606056928603,0.00267119992916802,0.0037544396660766973,2,4
2022-09-30,2022-12-31,Financial Services,0.14285714285714285,0.06759872923762557,0.07525841361951728,0.1985073403254024,0.14870191458887486,0.011020035571075145,0.003366783488928194,0.003748277330575741,2,6
2022-09-30,2022-12-31,Healthcare,0.14285714285714285,0.10624078202179743,0.03661636083534542,0.09378805167997994,0.12110317898123965,0.004351142213769189,-0.00290198048551078,-0.0010001805575263203,2,11
2022-09-30,2022-12-31,Industrials,0.14285714285714285,0.022115006171109574,0.12074213668603327,0.3797691492549339,0.32734052890012216,0.03924939252958833,0.0011594592626894221,0.006330343645140822,2,5
2022-09-30,2022-12-31,Technology,0.14285714285714285,0.4027234048943844,-0.25986626203724156,-0.012833512859769854,0.022976644004494406,-0.005380274402123195,-0.014421588302178514,0.009305851607283621,2,30
2022-12-31,2023-03-31,Communication Services,0.14285714285714285,0.13755717187211897,0.005299970985023883,0.46842701582638624,0.24503087778356228,0.00042521628224599753,0.03072974095632435,0.001183993049793357,2,7
2022-12-31,2023-03-31,Consumer Cyclical,0.14285714285714285,0.16017211539361972,-0.017314972536476875,0.4569224496074936,0.21657772826520003,-0.0008965134703712056,0.03849652244108523,-0.004161562249329001,2,12
2022-12-31,2023-03-31,Consumer Defensive,0.14285714285714285,0.0654086810279043,0.07744846182923855,0.015700236748980023,0.03409104678964422,-0.010123281053790154,-0.001202918627794584,-0.001424339949443158,2,4
2022-12-31,2023-03-31,Financial Services,0.14285714285714285,0.07768429700105275,0.0651728458560901,0.06705442501848946,0.06024967528524389,-0.006813904198810471,0.0005286221992952837,0.000443484905454084,2,6
2022-12-31,2023-03-31,Healthcare,0.14285714285714285,0.11911573950813457,0.023741403349008275,-0.08184761177729205,-0.039617114831342594,-0.004853171760957055,-0.005030316873512788,-0.0010026112616228482,2,11
2022-12-31,2023-03-31,Industrials,0.14285714285714285,0.02909502103159763,0.11376212182554522,-0.07181771887429056,0.06688618291869335,-0.011138991814426364,-0.004035592939831519,-0.015779250173451897,2,5
2022-12-31,2023-03-31,Technology,0.14285714285714285,0.41096697416557215,-0.2681098313084293,0.2381226430853319,0.22451474851118955,-0.01600985608455842,0.00559239525789939,-0.003648410318736197,2,30
2023-03-31,2023-06-30,Communication Services,0.14285714285714285,0.14552248216734118,-0.002665339310198328,0.25400998205156544,0.1703842396725182,-7.131423145653287e-05,0.012169425604085569,-0.00022289097850739287,2,7
2023-03-31,2023-06-30,Consumer Cyclical,0.14285714285714285,0.16912700200194178,-0.02626985914479893,0.2619314754057339,0.16972521780753114,-0.0006855680090292423,0.015594567913402801,-0.002422245399373833,2,12
2023-03-31,2023-06-30,Consumer Defensive,0.14285714285714285,0.05752212073716851,0.08533502211997435,0.04846973409828448,0.05827567996436941,-0.007283549351918354,-0.0005640588020510757,-0.0008367906073896284,2,4
2023-03-31,2023-06-30,Financial Services,0.14285714285714285,0.07061852130451031,0.07223862155263254,0.06965645898531925,0.06034535618082258,-0.006016229512286098,0.0006575363117678335,0.0006726212317316901,2,6
2023-03-31,2023-06-30,Healthcare,0.14285714285714285,0.09728554267254036,0.04557160018460249,0.19518873969971984,0.08325280688017925,-0.002751398024942062,0.010889747968906027,0.005101099576742628,2,11
2023-03-31,2023-06-30,Industrials,0.14285714285714285,0.025026542596954755,0.1178306002601881,0.08622176044899388,0.10793206757532033,-0.004206083132721842,-0.0005433339260899792,-0.0025581385205280848,2,5
2023-03-31,2023-06-30,Technology,0.14285714285714285,0.43489778851954336,-0.2920406456624005,0.18084908662091181,0.16489881169049664,-0.006211916824128743,0.006936739293516274,-0.004658128589171248,2,30
2023-06-30,2023-09-30,Communication Services,0.14285714285714285,0.1413537255955802,0.0015034172615626396,0.06966682462250307,0.04899833352959767,0.00011110406077310928,0.002921568218421243,3.1073366279527635e-05,2,7
2023-06-30,2023-09-30,Consumer Cyclical,0.14285714285714285,0.1633963839459641,-0.020539241088821242,-0.034488445810909985,-0.038396429964841265,0.00027715136478860644,0.0006385504792704991,-8.026702870888768e-05,2,12
2023-06-30,2023-09-30,Consumer Defensive,0.14285714285714285,0.05115053706642331,0.09170660579071954,-0.005790483013924429,0.00444189243583985,0.002691091220999093,-0.0005233914997207277,-0.0009383764216741694,2,4
2023-06-30,2023-09-30,Financial Services,0.14285714285714285,0.061882028052966706,0.08097511480417614,-0.01077101674464126,-0.04306791720390309,-0.0014709320933943197,0.001998597700243914,0.002615245222507776,2,6
2023-06-30,2023-09-30,Healthcare,0.14285714285714285,0.08874282745874924,0.054114315398393606,0.1004255878272271,0.052018110216666955,0.004162515952356927,0.004295816433307206,0.0026195375110585287,2,11
2023-06-30,2023-09-30,Industrials,0.14285714285714285,0.02311395095482465,0.11974319190231819,0.005105409573933737,-0.00019227425226325798,0.0029589029678057355,0.00012245040413288516,0.0006343615710381141,2,5
2023-06-30,2023-09-30,Technology,0.14285714285714285,0.4703605469254917,-0.3275034040683488,-0.09348948815818009,-0.05895223433982598,0.011151344651435004,-0.016244961595305564,0.01131106819268355,2,32
2023-09-30,2023-12-31,Communication Services,0.14285714285714285,0.15185597986156163,-0.00899883700441878,0.12325899083863845,0.11033836128031992,0.0002251188521660296,0.001962074862006717,-0.0001162706393897839,2,7
2023-09-30,2023-12-31,Consumer Cyclical,0.14285714285714285,0.16164792074456302,-0.018790777887420174,0.09414733744566627,0.12018287878676648,0.00028509219683349674,-0.0042085911232479616,0.0004892280745193596,2,12
2023-09-30,2023-12-31,Consumer Defensive,0.14285714285714285,0.05288430565353623,0.08997283720360662,0.00020390984593421358,0.049743815247929424,-0.007702663170908447,-0.0026198834993263853,-0.0044572458438157875,2,4
2023-09-30,2023-12-31,Financial Services,0.14285714285714285,0.060441736123742935,0.08241540673339992,0.10658468864736492,0.1416958852965011,0.0005226031449379166,-0.0021221816828559358,-0.002893703552734946,2,6
2023-09-30,2023-12-31,Healthcare,0.14285714285714285,0.09570907426574478,0.04714806859139807,0.06750332521845148,0.08165555353079931,-0.0025318157437679307,-0.0013544966705722745,-0.0006672502311917013,2,11
2023-09-30,2023-12-31,Industrials,0.14285714285714285,0.023652555719741918,0.11920458713740092,0.11523950193455634,0.1456831582190132,0.0012311877078170514,-0.0007200702765807871,-0.003629023478341621,2,5
2023-09-30,2023-12-31,Technology,0.14285714285714285,0.4538084276311092,-0.31095128477396633,0.15968314767995406,0.16904925899641218,-0.01047733539429126,-0.004250420249539797,0.0029124043471886376,2,32
2023-12-31,2024-03-31,Communication Services,0.14285714285714285,0.14789225655056107,-0.0050351136934182195,0.22688465187752668,0.17288361439574815,-0.0002474109943626149,0.007986335289251656,-0.00027190136328329365,2,7
2023-12-31,2024-03-31,Consumer Cyclical,0.14285714285714285,0.15941373431150155,-0.0165565914543587,-0.052679743515324354,0.03721240541941841,0.0014327095297923338,-0.014330043146973009,0.0014883075848669013,2,12
2023-12-31,2024-03-31,Consumer Defensive,0.14285714285714285,0.048382401085061914,0.09447474177208093,0.1315516756182713,0.12207719086977283,-0.00015770685827719695,0.0004583983211761553,0.0008950995000379127,2,4
2023-12-31,2024-03-31,Financial Services,0.14285714285714285,0.06025336445086723,0.08260377840627561,0.10240704035046311,0.09112380335227568,-0.002694757400957857,0.000679852991037296,0.0009320380087037643,2,6
2023-12-31,2024-03-31,Healthcare,0.14285714285714285,0.0902842527905038,0.05257289006663905,0.14014471976812393,0.11765522938857682,-0.00032023531584120533,0.002030446834556634,0.0011823375053786663,2,11
2023-12-31,2024-03-31,Industrials,0.14285714285714285,0.023614951951774814,0.11924219090536803,0.31018298337072714,0.19701302445224694,0.00873646176753016,0.0026725031422442395,0.013494633846110073,2,5
2023-12-31,2024-03-31,Technology,0.14285714285714285,0.47015903885972954,-0.3273018960025867,0.006344521936644254,0.13947281660129424,-0.005147255633762357,-0.0625914710645667,0.04357314325533099,2,32
2024-03-31,2024-06-30,Communication Services,0.14285714285714285,0.15367470202885922,-0.010817559171716368,0.12382703159002496,0.10744611218434857,-3.112520592490874e-05,0.002517332908626077,-0.00017720156495802124,2,7
2024-03-31,2024-06-30,Consumer Cyclical,0.14285714285714285,0.14750616500888433,-0.004649022151741483,0.09850535786364313,0.023987364944829045,0.00037462500074354543,0.010991863359613465,-0.00034643579978288166,2,12
2024-03-31,2024-06-30,Consumer Defensive,0.14285714285714285,0.04818179059784896,0.09467535225929388,0.07611312226577903,0.09118892747999387,-0.0012667466723376292,-0.0007263792899252588,-0.0014273071692482893,2,4
2024-03-31,2024-06-30,Financial Services,0.14285714285714285,0.05837604660025576,0.08448109625688709,-0.07021021649123382,-0.04991622902607371,-0.013051066863481968,-0.001184682757971193,-0.0017144583084802514,2,6
2024-03-31,2024-06-30,Healthcare,0.14285714285714285,0.0898576627934801,0.05299948006366274,0.09978503152199536,0.08594182771528522,-0.0009872212616103908,0.0012439179396447802,0.0007336826041709543,2,11
2024-03-31,2024-06-30,Industrials,0.14285714285714285,0.024985789199926542,0.11787135365721631,0.024581081703166974,0.0178264135150586,-0.010224445662212285,0.0001687707154635256,0.0007961818828376707,2,5
2024-03-31,2024-06-30,Technology,0.14285714285714285,0.47741784377074503,-0.3345607009136022,0.1470879454745111,0.15682514115126808,-0.017482909188247374,-0.0046487109643711414,0.0032576830105487146,2,32
2024-06-30,2024-09-30,Communication Services,0.14285714285714285,0.15389352286553964,-0.011036380008396796,0.02405134540732701,0.007415532935138836,0.0003619834937156756,0.00256014378707552,-0.00018359914819149564,2,7
2024-06-30,2024-09-30,Consumer Cyclical,0.14285714285714285,0.1371325362083641,0.005724606648778746,0.14317820590802127,0.07592317711656629,0.00020441728531473265,0.00922285267093877,0.0003850085849833692,2,12
2024-06-30,2024-09-30,Consumer Defensive,0.14285714285714285,0.047629649910275344,0.0952274929468675,0.126253836490147,0.10852215107268795,0.006504752302270486,0.0008445539687527084,0.0016885439480271538,2,4
2024-06-30,2024-09-30,Financial Services,0.14285714285714285,0.05088363182540039,0.09197351103174245,0.08531432997525012,0.1206630629539377,0.007399123214247411,-0.0017986719143819271,-0.003251147082573439,2,6
2024-06-30,2024-09-30,Healthcare,0.14285714285714285,0.08700863019496896,0.05584851266217389,0.06603201827599649,0.05286285361377923,0.0007063834920176428,0.0011458309780715146,0.0007354782593880934,2,11
2024-06-30,2024-09-30,Industrials,0.14285714285714285,0.02149209629532838,0.12136504656181447,0.18449668999716898,0.1432892303673714,0.012509651533214532,0.0008856346904494662,0.005001145256664473,2,5
2024-06-30,2024-09-30,Technology,0.14285714285714285,0.5019599327001234,-0.35910278984298055,0.03601041776340935,0.01927275331397339,0.007520292673618554,0.008401636920596124,-0.00601054199924813,2,32
2024-09-30,2024-12-31,Communication Services,0.14285714285714285,0.14775410064237485,-0.004896957785231998,0.08317902857921931,0.10008794385058016,-0.0001704383205501732,-0.0024983615687580395,8.280224427791872e-05,2,7
2024-09-30,2024-12-31,Consumer Cyclical,0.14285714285714285,0.14368625497863974,-0.0008291121214968888,0.36049048076379464,0.18302243816343963,-9.761919193885484e-05,0.02549971841963471,-0.0001471409052982806,2,12
2024-09-30,2024-12-31,Consumer Defensive,0.14285714285714285,0.051025669630378585,0.09183147322676427,0.04750588230336549,0.05460938591546699,-0.0009801740849077628,-0.000362461028529292,-0.0006523252017709221,2,4
2024-09-30,2024-12-31,Financial Services,0.14285714285714285,0.052978582968832996,0.08987855988830985,0.1097056275699375,0.09238394936267921,0.002435793929509639,0.0009176779660626595,0.0015568474921170956,2,6
2024-09-30,2024-12-31,Healthcare,0.14285714285714285,0.08833302482881324,0.05452411802832961,-0.12932817527833523,-0.1136864479252694,-0.009758151527093748,-0.0013816810906438915,-0.0008528513883655133,2,11
2024-09-30,2024-12-31,Industrials,0.14285714285714285,0.02349184948011634,0.1193652933770265,-0.09164214533842963,-0.04600918799234167,-0.013284425162745101,-0.0010720025653068676,-0.005446991341277126,2,5
2024-09-30,2024-12-31,Technology,0.14285714285714285,0.4927305174708441,-0.34987337461370127,0.028728214513996653,0.05609364111969718,0.003215113445468309,-0.013483780812237228,0.009574434154280009,2,32
2024-12-31,2025-03-31,Communication Services,0.14285714285714285,0.15312430916101305,-0.010267166303870201,-0.09845322411727446,-0.08165143488938496,-0.00014300854022478648,-0.0025727623681895302,0.00017250676420531636,2,7
2024-12-31,2025-03-31,Consumer Cyclical,0.14285714285714285,0.15898173213916517,-0.016124589282022317,-0.24551897552209526,-0.1631723497169072,0.0010898962929683645,-0.013091609206324474,0.0013278055198690378,2,12
2024-12-31,2025-03-31,Consumer Defensive,0.14285714285714285,0.05034043505662294,0.0925167078005199,0.003840611700428487,0.00603632310114706,0.009401222502838197,-0.0001105330671709599,-0.00020313999007455047,2,4
2024-12-31,2025-03-31,Financial Services,0.14285714285714285,0.05413186604534928,0.08872527681179357,0.07661787517848961,0.024130565801291907,0.010621367310963612,0.0028412360002872715,0.004656951053598115,2,6
2024-12-31,2025-03-31,Healthcare,0.14285714285714285,0.07322115074577878,0.06963599211136406,0.055732897067692695,0.06330029584433368,0.011063798190940966,-0.0005540936465778514,-0.0005269633215137176,2,11
2024-12-31,2025-03-31,Industrials,0.14285714285714285,0.02091634291302474,0.1219407999441181,0.05735911105384106,0.028334494584072185,0.01511025214175572,0.0006070888310007114,0.003539284950394842,2,5
2024-12-31,2025-03-31,Technology,0.14285714285714285,0.4892841639390458,-0.34642702108190293,-0.15243062685780265,-0.13074936991502908,0.012183564519624086,-0.010608295676392595,0.0075109732559963715,2,32
2025-03-31,2025-06-30,Communication Services,0.14285714285714285,0.15618048508115914,-0.013323342224016294,0.2112927398372966,0.19726625503067413,-0.00036174487731883677,0.002190663201081806,-0.00018687965727859614,2,7
2025-03-31,2025-06-30,Consumer Cyclical,0.14285714285714285,0.14834254725055276,-0.005485404393409915,0.18941779086361865,0.12795003474746802,0.00023129212660648373,0.009118283516045529,-0.00033717549945258183,2,12
2025-03-31,2025-06-30,Consumer Defensive,0.14285714285714285,0.05592386511982878,0.08693327773731407,0.08227125338946495,0.05218981973227986,-0.010251626267232443,0.0016822700384554966,0.002615077626856659,2,4
2025-03-31,2025-06-30,Financial Services,0.14285714285714285,0.06104049396394921,0.08181664889319364,0.020809536267365255,0.053135899697354855,-0.009570841571336364,-0.0019732171918247087,-0.0026448347267452334,2,6
2025-03-31,2025-06-30,Healthcare,0.14285714285714285,0.08623949037185026,0.05661765248529259,-0.22717314226686586,-0.10243352172427685,-0.01543105997545962,-0.01075748130477086,-0.007062464487027569,2,11
2025-03-31,2025-06-30,Industrials,0.14285714285714285,0.023712253741610425,0.11914488911553242,0.23438045403467164,0.18427316865619414,0.001686868200837075,0.0011881566651977444,0.005970026960299041,2,5
2025-03-31,2025-06-30,Technology,0.14285714285714285,0.4685608644710494,-0.32570372161390654,0.12617032588473787,0.25317448387246116,-0.027052768705111956,-0.05950917805814536,0.04136572691704203,2,32
2025-06-30,2025-09-30,Communication Services,0.14285714285714285,0.15719709885127212,-0.014339955994129266,0.18816306975325864,0.13483827445586555,-0.00042196345540680143,0.008382503117588152,-0.0007646752179605681,2,7
2025-06-30,2025-09-30,Consumer Cyclical,0.14285714285714285,0.1429768169751441,-0.00011967411800126171,0.20040394425665486,0.0957351277569868,1.1581381263562688e-06,0.014965214219677985,-1.2526148296833685e-05,2,12
2025-06-30,2025-09-30,Consumer Defensive,0.14285714285714285,0.050519211836819504,0.09233793102032334,-0.0036037887756911772,0.006232667954079153,-0.009158065998053973,-0.0004969300412549762,-0.0009082780629979282,2,4
2025-06-30,2025-09-30,Financial Services,0.14285714285714285,0.0551899394754755,0.08766720338166735,-0.011607371788543097,-0.004898196128888409,-0.009670635462084479,-0.0003702789985866756,-0.0005881746670782798,2,6
2025-06-30,2025-09-30,Healthcare,0.14285714285714285,0.06608736819831562,0.07676977465882723,0.04738231213900396,-0.027111105150190055,-0.010173811883699894,0.004923073896741736,0.005718842858857408,2,11
2025-06-30,2025-09-30,Industrials,0.14285714285714285,0.023927808478488563,0.11892933437865429,0.202737280810116,0.09843199946051438,-0.0008301933769680252,0.0024957967954281324,0.012404957683086382,2,5
2025-06-30,2025-09-30,Technology,0.14285714285714285,0.5041017561844847,-0.36124461332734187,0.11201660731651508,0.13870289207856065,-0.01202595326556537,-0.013452603014586426,0.009640276620008487,2,32
2025-09-30,2025-12-31,Communication Services,0.14285714285714285,0.16365665156109205,-0.0207995087039492,0.0939754906409882,0.08644032322286577,-0.0011116082277405012,0.001233180268602157,-0.000156727780298952,2,7
2025-09-30,2025-12-31,Consumer Cyclical,0.14285714285714285,0.1434735752033641,-0.0006164323462212462,0.031239767650746094,0.012765819626678847,1.2470758000240707e-05,0.0026505233711340516,-1.1387939124445127e-05,2,12
2025-09-30,2025-12-31,Consumer Defensive,0.14285714285714285,0.04544725064333362,0.09740989221380923,0.008083710974719662,0.017014957655759548,-0.001556746447894981,-0.0004059006064706612,-0.0008699917765350368,2,4
2025-09-30,2025-12-31,Financial Services,0.14285714285714285,0.04919828846575418,0.09365885439138867,0.01716462841152311,0.021194328105022166,-0.0011053645638205516,-0.00019825432795112785,-0.0003774170568344518,2,6
2025-09-30,2025-12-31,Healthcare,0.14285714285714285,0.05784349124821073,0.08501365160893212,0.1864991752517728,0.194332640485618,0.013715786543459191,-0.0004531149776970881,-0.0006659514842807982,2,11
2025-09-30,2025-12-31,Industrials,0.14285714285714285,0.023476503898220147,0.1193806389589227,0.11459805218935626,0.07122770972072229,0.004564083242105939,0.0010181840140320282,0.005177579195772825,2,5
2025-09-30,2025-12-31,Technology,0.14285714285714285,0.5169042389800252,-0.3740470961228824,-0.032453076743975684,0.004428677690802578,0.010685657720302019,-0.01906433520835723,0.013795513146246049,2,32
2025-12-31,2026-03-31,Communication Services,0.14285714285714285,0.17159878125795788,-0.028741638400815034,-0.10657183347133742,-0.08459420733106217,-0.00016173655455260918,-0.00377133386061427,0.0006316729834320914,2,7
2025-12-31,2026-03-31,Consumer Cyclical,0.14285714285714285,0.14092208758462058,0.0019350552725222736,-0.13553486512719942,-0.10502145339109574,-2.8638798973198483e-05,-0.004300013681180792,-5.904513826259045e-05,2,12
2025-12-31,2026-03-31,Consumer Defensive,0.14285714285714285,0.0447826956609607,0.09807444719618215,0.13744132971641687,0.09855383651843624,0.018514033168201403,0.0017414867729028459,0.0038138693982372436,2,4
2025-12-31,2026-03-31,Financial Services,0.14285714285714285,0.048786375968018936,0.09407076688912391,-0.12993415220268828,-0.14214456054944463,-0.004884445583062923,0.0005957015723278919,0.0011486424772087296,2,6
2025-12-31,2026-03-31,Healthcare,0.14285714285714285,0.06686867094411622,0.07598847191302663,-0.1583238471464657,-0.11547265384217796,-0.00191879938776723,-0.0028654023446271324,-0.0032561966988425427,2,11
2025-12-31,2026-03-31,Industrials,0.14285714285714285,0.024329998697316904,0.11852714415982595,0.08108116156628052,0.06066302445527142,0.017883907424658795,0.0004967732493124893,0.0024201034808316677,2,5
2025-12-31,2026-03-31,Technology,0.14285714285714285,0.5027113898870088,-0.35985424702986596,-0.0652115981323994,-0.10371472750517863,0.004855608451756909,0.019355961681989158,-0.013855514628734982,2,32
2026-03-31,2026-06-30,Communication Services,0.14285714285714285,0.17195142038261269,-0.029094277525469836,0.11448522362411624,0.11417425995836188,0.002041171322383357,5.34706440138472e-05,-9.047263191794957e-06,2,7
2026-03-31,2026-06-30,Consumer Cyclical,0.14285714285714285,0.14311403340856593,-0.0002568905514230835,0.13789269065232668,0.10511147054683423,2.035085153414648e-05,0.004691452629351,-8.421185709221426e-06,2,12
2026-03-31,2026-06-30,Consumer Defensive,0.14285714285714285,0.05384503043628984,0.08901211242085301,-0.07337387987548982,-0.04437775172386903,-0.02035788478494509,-0.0015612974028585823,-0.002581006618801531,2,4
2026-03-31,2026-06-30,Financial Services,0.14285714285714285,0.04552727870045241,0.09732986415669044,0.08358808558878572,0.0722537830471354,-0.01090849929865881,0.0005160199506889605,0.0011031661266896575,2,6
2026-03-31,2026-06-30,Healthcare,0.14285714285714285,0.06456789248163494,0.07828925037550791,0.42554292048773124,0.15380742449541282,-0.002389699213526051,0.017545388288675755,0.02127396828165544,2,11
2026-03-31,2026-06-30,Industrials,0.14285714285714285,0.027930045401803397,0.11492709745533945,0.41149923416363765,0.27922856090557185,0.01090625518213271,0.00369432590942488,0.01520148455601309,2,5
2026-03-31,2026-06-30,Technology,0.14285714285714285,0.49306429918864053,-0.3502071563314977,0.1449239218240359,0.2657384926358157,-0.028509346181054166,-0.0595693516890866,0.04231012728740377,2,32
2026-06-30,2026-09-30,Communication Services,0.14285714285714285,0.1630816225495381,-0.020224479692395242,0.12592368715200586,0.0364267061604695,0.00024417522768574993,0.014595312873384917,-0.00181002987459401,2,7
2026-06-30,2026-09-30,Consumer Cyclical,0.14285714285714285,0.13394153086086188,0.008915611996280964,-0.05553202688686538,-0.04858761768805451,-0.000865595150542627,-0.0009301447990129792,-6.191365796000206e-05,2,12
2026-06-30,2026-09-30,Consumer Defensive,0.14285714285714285,0.043452859832309884,0.09940428302483297,-0.05279238049605401,-0.054856125788109965,-0.010274037361153105,8.967563490529682e-05,0.00020514512110269667,2,4
2026-06-30,2026-09-30,Financial Services,0.14285714285714285,0.04080636354040296,0.10205077931673989,0.06240724705333567,0.04320189752158831,-0.00054067115545761,0.0007837004749129904,0.0019599208867652033,2,6
2026-06-30,2026-09-30,Healthcare,0.14285714285714285,0.06287368648940504,0.0799834563677378,-0.07264924606287289,0.007119841313915706,-0.003309724722002603,-0.005015376591274163,-0.006380207319695635,2,11
2026-06-30,2026-09-30,Industrials,0.14285714285714285,0.028361115328147404,0.11449602752899544,-0.20028306966759046,-0.15434663431221823,-0.02322512896679508,-0.0013028085408776998,-0.005259539367032618,2,5
2026-06-30,2026-09-30,Technology,0.14285714285714285,0.5274828213993346,-0.3846256785421917,0.14727043599692946,0.10164855454116514,-0.02044231517868679,0.024064758747832544,-0.017547347111294784,2,32
