rebalance_date,active_share,n_names,one_way_turnover
2021-09-30,0.5301140888336893,14,
2021-12-31,0.5296462056853795,14,0.114987457109044
2022-03-31,0.5090682167523384,14,0.02216137409357595
2022-06-30,0.49508400481732,14,0.12024990309831277
2022-09-30,0.4868729973024548,14,0.03845663443079914
2022-12-31,0.5106502838032653,14,0.08766972768624806
2023-03-31,0.5098838179021908,14,0.08590994294188388
2023-06-30,0.5150044993645948,14,0.04132016525624363
2023-09-30,0.5056364348637111,14,0.032269860284940166
2023-12-31,0.5140203357080066,14,0.09741307827303078
2024-03-31,0.5122191072957151,14,0.05929708014893857
2024-06-30,0.5251418396600162,14,0.037820978719970394
2024-09-30,0.5172790585309182,14,0.04199591387916945
2024-12-31,0.5069670275364105,14,0.19078552762957254
2025-03-31,0.5001875180250318,14,0.12043381633460021
2025-06-30,0.5184315900138406,14,0.12509980695543926
2025-09-30,0.5223352229784072,14,0.05497831833770673
2025-12-31,0.5207489313240029,14,0.11336929245406474
2026-03-31,0.5155563342964324,14,0.05103892716524963
2026-06-30,0.5296146741244377,14,0.06238194859976329
